air.SpellingBug1stGradeWordsLite,air.com.kglad.SpellingBug1stGradeWords
air.com.A16edwardsplace.mobile.myfirstnotebookfree,air.com.A16edwardsplace.mobile.myfirstnotebook
air.com.animangaplus.bdcf03lite,air.com.animangaplus.bdcf03
air.com.animangaplus.bdfb02lite,air.com.animangaplus.bdfb02
air.com.animangaplus.bdfb03lite,air.com.animangaplus.bdfb03
air.com.besta.englishnurseryrhymesfree,air.com.besta.englishnurseryrhymespro
air.com.bloomingkids.DailyRoutineMatrixliteversion,air.com.bloomingkids.DailyRoutineMatrix
air.com.bloomingkids.SubtractionUsingNumberLineliteversion,air.com.bloomingkids.SubtractionUsingNumberLine
air.com.differencegames.ancientfigurinepathtotreasuresfree,air.com.differencegames.ancientfigurinepathtotreasures
air.com.differencegames.cubecrashfreehd,air.com.differencegames.cubecrashpaid
air.com.differencegames.hiddenexpeditiondetectivefree,air.com.differencegames.hiddenexpeditiondetective
air.com.differencegames.hiddenobjectgoldentrailssecretpincessfree,air.com.differencegames.hiddenobjectgoldentrailssecretpincess
air.com.differencegames.hiddenobjecttreasuresofthecountesstreasuresfindjewelsfree,air.com.differencegames.hiddenobjecttreasuresofthecountess
air.com.differencegames.mysteriousplacesstrangetheworldfree,air.com.differencegames.misteriousplacestrangetheworld
air.com.fgl.adrianmarik.hiddenexpeditionvalleywindsfree,air.com.fgl.adrianmarik.hiddenexpeditionvalleywinds
air.com.fgl.adrianmarik.mysterymathematicsunsolvedtasksfree,air.com.fgl.adrianmarik.mysterymathematicsunsolvedtaskspremium
air.com.gurglenumberslite,air.com.gurglenumbers
air.com.ilusionarte.games.jokermemorylite,air.com.ilusionarte.games.jokermemory
air.com.killerbytesgames.hoppinjalapenoslite,air.com.killerbytesgames.hoppinjalapenos
air.com.killerbytesgames.itsallrelatedlite,air.com.killerbytesgames.itsallrelated
air.com.killerbytesgames.spin2spelllite,air.com.killerbytesgames.spin2spell
air.com.killerbytesgames.wordixlite,air.com.killerbytesgames.wordix
air.com.kindergartenmobile.firstgrademathtriviafree,air.com.kindergartenmobile.firstgrademathtrivia
air.com.kindergartenmobile.kindergartenmathclassfree,air.com.kindergartenmobile.kindergartenmathclass
air.com.rotorzone.balancelite,air.com.rotorzone.rotorbalance
air.com.ru_pro.touristwalletfree,air.com.ru_pro.touristwalletfull
air.com.touchmultimedia.comicpuppetsfree,air.com.touchmultimedia.comicpuppet
air.com.tutotoons.app.powergirlssupercity.free,air.com.tutotoons.app.powergirlssupercity.full
air.com.wegolf.free,air.com.wegolf.gps
air.com.youdagames.gop2mobilefreemium,air.com.youdagames.gop2mobile
air.com.znappy.darts.scoreboard.free,air.com.znappy.darts.scoreboard.pro
air.cz.cfc.androidgp.AnimatedPuzzleLite,air.cz.cfc.androidgp.AnimatedPuzzle
air.hiraganatango2free,air.hiraganatango2
air.junglemusicfree,air.junglemusic
air.kanjifree,air.kanji
air.pixelolite,air.pixelo
air.playkeyfree,air.playkey
air.sporeproductions.sporecubeslite,air.sporeproductions.sporecubes
alexanderstonka.gymcalendarfree,alexanderstonka.gymcalendar
alexanderstonka.gymcalendarlightfree,alexanderstonka.gymcalendarlight
allen.carr.free,allen.carr
andrei.brusentcov.balda.free,andrei.brusentcov.balda.pro
andrei.brusentcov.eye_exercises.free,andrei.brusentcov.eye_exercises.pro
andrei.brusentcov.fractioncalculator.free,andrei.brusentcov.schoolcalculator.pro
angeli.federico.free.it,angeli.federico.completo.it
app.free.dictionaryen_lao,app.free.dictionaryen_lao_pro
app.free.dictionaryen_ma,app.free.dictionaryen_ma_pro
app.pentadroid.nightclockfree,app.pentandroid.nitgtclock
app.scarf.kerchief3,app.vovan.scarfes1
appinventor.ai_ADC2004mobile.Altimetro_free,appinventor.ai_ADC2004mobile.Altimetro
appinventor.ai_fernando_ivan.como_esta_bebe_lite,appinventor.ai_fernando_ivan.como_esta_bebe
appinventor.ai_mmfrutos7878.Tarot_of_the_Angels_lite,appinventor.ai_mmfrutos7878.Tarot_of_the_Angels
apptato.util.chessclockfree,apptato.util.chessclock
apricoworks.android.application.flowerflowfree,apricoworks.android.wallpaper.flowerflowalarm
apricoworks.android.wallpaper.loveflowfree,apricoworks.android.wallpaper.loveflow
apricoworks.android.wallpaper.otometokei3free,apricoworks.android.wallpaper.otometokei
aqebidopu.demo.autoescuelaCarnetB,aqebidopu.prog.autoescuelaCarnetB
ar.com.moula.ballflow,ar.com.moula.ballflowpro
artiic.bundesligaTweetsFree,artiic.ligaTweets
at.ncn.freeantiviruspro2015,at.ncn.antiviruspro2015
au.com.collectmore.collectmore.lite,au.com.collectmore.collectmore2
au.com.cryptopia.app.bitbanditfree,au.com.cryptopia.app.bitbandit
au.com.phil.abduction2.demo,au.com.phil.abduction2
au.com.twentytwopoint.rapitapfree,au.com.twentytwopoint.rapitap
au.com.vividreflections.vrontrack.free,au.com.vividreflections.vrontrack.pro
b4a.bigemailfree,b4a.bigemail
b4a.ecgrr,b4a.ecgrra
b4a.shipcrossfree,b4a.shipcrosspro
b4a.zephyrfree,b4a.zephyrpro
balance.psiletron,balance.psiletronfull
barwick.probrain.free,barwick.probrain.suite
barwick.skifitnessfree,barwick.skifitness
be.weeswegwijs.android.VerkeerBElite,be.weeswegwijs.android.VerkeerBE
binaryearth.handygpsfree,binaryearth.handygps
bitsie.playmee.musicplayer.free,bitsie.playmee.musicplayer.pro
biz.dealnote.messenger,biz.dealnote.phoenix
bloomob.mylifebookTrial,bloomob.mylifebook
boriol.grade.secondlite,boriol.grade.second
boriol.multiplication.tableslite,boriol.multiplication.tables
br.com.aplicativoparacelular.lanterna,br.com.aplicativoparacelular.lanterna.pro
br.com.chronoanalyzerfree,br.com.chronoanalyzerpro
br.com.gleicisantana.flashnotification.free,br.com.gleicisantana.flashnotification.pro
br.com.maroneapp.agendadecontatosfree,br.com.listatelefonica
br.com.neotab.appleiturainterativafree,br.com.neotab.appleiturainterativa
br.com.sojogos.hiddenfree,br.com.sojogos.hidden
br.free.tibiadroid,br.com.tibiadroid
bruenor.magicbox.free,bruenor.magicbox
btc.constitucioncolombianafree.nt,btc.constitucioncolombiana.nt
by.squareroot.kakuro.free,by.squareroot.kakuro.full
ca.cedarandriver.android.abc.lite,ca.cedarandriver.android.abc
ca.scfashion.islamicwidgetfree,ca.scfashion.islamicwidget
cf.i_ya.chronograph_free,cf.i_ya.chronograph
ch.erpsourcing.safari_free,ch.erpsourcing.safari
ch.russostudio.heidifree,ch.russostudio.heidi
chemasalamanca.Valentines_live_wallpaper_lite,chemasalamanca.Valentines_live_wallpaper
chiccododifc.it.decodfiscfree,chiccododifc.it.decodfisc
clock3.GBB.free,clock3.GBB.org
cmp.apps.myscreentester.free,cmp.apps.myscreentester.donate
com.AtomicToddler.Janetka,com.AtomicToddler2.Janetka
com.BrenoArtes.SpaceDomination.free,com.BrenoArtes.SpaceDomination.Premium
com.Buket.StarBurst,com.Buket.BabyPop
com.IvanAF.ClimbAMIYPfree,com.IvanAF.ClimbAMIYP
com.JC.inventory_and_checkout_free,com.JC.inventory_and_checkout_250
com.JC.time_clock_free,com.JC.time_clock
com.Maths.fifthgradegooglelite,com.Maths.fifthgradegooglepro
com.MpFish.KnotsLite,com.MpFish.Knots
com.RONAK.theme.Iphonefree,com.RONAK.theme.Icephonewhite
com.RexetStudio.TibersBox2Lite,com.RexetStudio.TibersBox2
com.RockingPocketGames.iFishingFlyLite,com.RockingPocketGames.iFishingFly
com.a1.quiz.ieltsprep.free,com.a1.quiz.ieltsprep
com.absolutist.foolcityfree,com.absolutist.foolcity
com.acez.jollypuzzleslite,com.acez.jollypuzzles
com.acs.galaxylwp.free,com.acs.galaxylwp.pro
com.acs.plastaquariumlwp.free,com.acs.plastaquariumlwp.premium
com.acs.winterlwp.free,com.acs.winterlwp.pro
com.acteon.games.fiveline_free,com.acteon.games.fiveline
com.acteon.sports.scorecounter_free,com.acteon.sports.scorecounter
com.acupuncturemeridians.acupuncturemeridians3dlite,com.acupuncturemeridians.acupuncturemeridians3dfull
com.adermark.cornfieldfree,com.adermark.cornfieldfull
com.adermark.fireworkslwpfree,com.adermark.fireworkslwpfull
com.adermark.forestmistfree,com.adermark.forestmistfull
com.adermark.magneticballsfree,com.adermark.magneticballsfull
com.adermark.summertreesfree,com.adermark.summertreesfull
com.adevole.hellohola_free,com.adevole.laguage
com.adidiego.lasfingelite,com.adidiego.lasfinge
com.adrionics.android.adbmaster.installer.free,com.adrionics.android.adbmaster.installer
com.adveniosoftware.vhftrainerlite,com.adveniosoftware.vhftrainer
com.aeroware.androbearing_lite,com.aeroware.androbearing
com.africa3dfree.livewallpaper,com.africa3d.livewallpaper
com.africa_jeux.culture.dico_chinese_lingala.free,com.africa_jeux.culture.dico_chinese_lingala.full
com.afterhours.android.afterhours.free,com.afterhours.android.afterhours.full
com.agcdevelopment.valentinedayfree,com.agcdevelopment.valentinedayfull
com.ahillgames.oneeightydartsscorerfree,com.ahillgames.oneeightydartsscorer
com.aikidroid.aikidofifthkyufree,com.aikidroid.aikidofifthkyudonate
com.alawar.darktales5.gplay.freemium,com.alawar.darktales5.gplay.premium
com.alex.meditationfree,com.alex.meditation
com.alex.picturesfree,com.alex.pictures
com.alex.shinycolorfree,com.alex.shinycolor
com.alexgalkin.gearfit.ladystylefreeclock,com.alexgalkin.gearfit.ladystyleclock
com.alexuvarov.android.wallpaper.washington.monument.lite,com.alexuvarov.android.wallpaper.washington.monument
com.alexuvarov.bigbenclockfree,com.alexuvarov.bigbenclock
com.algorizk.windtunnellite,com.algorizk.windtunnel
com.aliasworlds.kingdomchronicles.hd.free.google,com.aliasworlds.kingdomchronicles.hd.full.google
com.alkottab.eduappfree,com.alkottab.eduapp
com.allentiumsoftware.happyhungry.android.free,com.allentiumsoftware.happyhungry.android.pro
com.allinone.calculator.free,com.allinone.calculator
com.allinsongs.learn.enbrfree,com.allinsongs.learn.bren
com.alliumsystems.klondikesolitaire.free,com.alliumsystems.klondikesolitaire
com.allmax.al.free,com.allmax.al
com.alphasys.amenities.free.beijing,com.alphasys.amenities.premium.beijing
com.alphasys.amenities.free.bordeaux,com.alphasys.amenities.premium.bordeaux
com.alphasys.amenities.free.glasgow,com.alphasys.amenities.premium.glasgow
com.alphasys.amenities.free.new_york,com.alphasys.amenities.premium.new_york
com.alphasys.amenities.free.stuttgart,com.alphasys.amenities.premium.stuttgart
com.alphasys.amenities.free.warsaw,com.alphasys.amenities.premium.warsaw
com.altheprogrammer.atpmastermindfree,com.altheprogrammer.atpmastermind
com.altheprogrammer.atpvideopokerfree,com.altheprogrammer.AtpVideoPoker
com.altlimit.livebatteryfree,com.altlimit.livebatterypaid
com.amapps.android.PowerIP.lite,com.amapps.android.PowerIP
com.ammonite.cubeventurefree,com.ammonite.cubeventure
com.ammonite.medievalcombatfree,com.ammonite.medievalcombat
com.anandbibek.notifyfree,com.anandbibek.notifypro
com.ancientdevelopers.droidcircuitcalcfree,com.circuitcalcpro.droidcircuitcalcpro
com.androhelm.antivirus.free2,com.androhelm.antivirus.pro.half
com.androidIOStyle.calculatorfree,com.androidIOStyle.calculator
com.animoca.google.beachlite,com.animoca.google.beach
com.antent.planetconquerorfree,com.antent.planetconqueror
com.apofiss.littleowllite,com.apofiss.littleowl
com.apofiss.pandagllite,com.apofiss.pandagl
com.app.powernapfree,com.app.powernap
com.appakabar.makanimlite,com.appakabar.makanim
com.appiscooll.freeCalculatorboard,com.appiscooll.marcoss.magicboardmath1
com.appiya.simpletorchlightfree,com.appiya.simpletorchlightpro
com.appmanager.free,com.appmanager.paid
com.appmania.dm3dandlite2,com.appmania.dm3dandroid2
com.apporilla.pokerodds.free,com.apporilla.pokerodds.pro
com.apps.mdev.conversionslite,com.apps.mdev.conversionspro
com.apps808.gmapsproquickguidefree,com.apps808.gmapsproquickguide
com.apptonic.skieshdfree,com.apptonic.skieshd
com.appventions.atlasfree,com.appventions.atlas
com.appventions.worldfactsfree,com.appventions.worldfacts
com.aqreadd.lw.newyearscountdown.free,com.aqreadd.lw.newyearscountdown.full
com.aqreadd.lw.santami.lite.gle,com.aqreadd.lw.santami.gle
com.aqreadd.lw.valentines.gle.lite,com.aqreadd.lw.valentines.gle
com.aquadroid.mix.lite,com.aquadroid.mix
com.arconyx.rosaryHDfree,com.arconyx.rosaryHDpremium
com.arent.myfirstdrawingslite,com.arent.myfirstdrawings
com.arent.myfirsttangramslite,com.arent.myfirsttangrams
com.arsutech.sevenmin.free,com.arsutech.sevenmin
com.artifexmundi.eventide2.gp.free,com.artifexmundi.eventide2.gp.full
com.artifexmundi.newera.gp.free,com.artifexmundi.newera.gp.full
com.arytan.appuninstaller,com.arytantechnologies.appuninstaller.pro
com.ascendo.android.dictionary.fr.free,com.ascendo.android.dictionary.fr
com.ascendo.android.dictionary.it.free,com.ascendo.android.dictionary.it
com.asg.etgthdf,com.asg.etgthd
com.astro.dsoplannerfree,com.astro.dsoplannerbasic
com.astroved.hora_watchfree,com.astroved.hora_watch
com.astrovicapp.bigDaysLite,com.astrovicapp.bigdays
com.atlaswearables.ionic.androidwear.lite,com.atlaswearables.ionic.androidwear
com.atoa.apps.app02_momentofinnertia,com.atoa.apps.app02_momentofinnertia_pro
com.atoa.apps.plate_lite,com.atoa.apps.plate_pro
com.audolon.millenium.free,com.audolon.millenium.paid
com.austral.gpscartracker.trial,com.austral.gpscartracker
com.autel.spanish,com.autel.pro.spanish
com.autolauncher.motorcar.free,com.autolauncher.motorcar
com.avighna.billsreminder,com.avighna.billsreminderpaid
com.axlsofts.budget.free,com.axlsofts.budget.full
com.azati.noteworksfree,com.azati.noteworks
com.azbooks.meekamoo.rus.free,com.azbooks.meekamoo.eng.full
com.azoblu3.digitalclocklivewallpaperfree,com.azoblu3.digitalclocklivewallpaper
com.babbab_lite,com.babbab_full
com.babysignandlearn.babysignandsinglite,com.babysignandlearn.babysignandsing
com.babysignandlearn.babysignlite,com.babysignandlearn.babysign
com.baddiapps.c4afree,com.baddiapps.c4a
com.baddiapps.mlmfree,com.baddiapps.mlm
com.badur.mygedictionaryfree,com.badur.mygedictionarypro
com.bagelboysoftware.bbdenaltfree,com.bagelboysoftware.bbdenaltpro
com.baijiahu.calllogwidget.free,com.baijiahu.calllogwidget.paid
com.barberousse.classylivewallpaperlite,com.barberousse.classylivewallpaper
com.bardsoft.babyfree,com.bardsoft.baby
com.battletac.lite,com.battletac
com.bauercorporation.komplexe_mathe_lite,com.BauerCorperation.christianbauer.komplexe_mathe
com.bbl.eliminationlite,com.bbl.elimination
com.bbl.mathflashcardpacklite,com.bbl.mathflashcardpack
com.bc_mechaniclite,com.bc_super_mechanic_full
com.beattheodds.daily3.free,com.beattheodds.daily3
com.beekeeper.databee.lite,com.beekeeper.databee
com.beer.beerjudgingfree,com.beer.beerjudging
com.beerme.android_free,com.beerme.android
com.beizoy.lolasworldfree,com.beizoy.lolasworldpremium
com.bengigi.selfishfree,com.bengigi.selfish
com.benjaminholfeld.speakarabicfree,com.benjaminholfeld.speakarabic
com.benjaminholfeld.speakczechfree,com.benjaminholfeld.speakczech
com.bens.apps.ChampCalc.free,com.bens.apps.ChampCalc.pro
com.benyakubu.nigerianpresidents_free,com.benyakubu.nigerianpresidents
com.bernware.ucvlite,com.bernware.ucvr
com.bertrandinterface.videoreaderlite,com.bertrandinterface.videoreader
com.bertrandinterface.videoreaderpluslite,com.bertrandinterface.videoreaderplus
com.best.self.learning.apps.free.financial.accounting.test.bank,com.best.self.learning.apps.financial.accounting.test.bank
com.best.self.learning.apps.free.hvac.test.bank.exam.review,com.best.self.learning.apps.hvac.test.bank.exam.review
com.best.self.learning.apps.free.interpersonal.communication.skills,com.best.self.learning.apps.interpersonal.communication.skills
com.best.self.learning.apps.free.psychology.body.knowledge.encyclopedia,com.best.self.learning.apps.psychology.body.knowledge.encyclopedia
com.betapet.mobile.se.free,com.betapet.mobile.se.full
com.bibleofmanycolorsfree.rhett.www,com.bibleofmanycolors.rhett
com.bickhofe.astrolanderfree,com.bickhofe.astrolander
com.bigbluepixel.photomeasures.lite,com.bigbluepixel.photomeasures
com.bigfishgames.enigmatisgooglefree,com.bigfishgames.enigmatisgooglefull
com.bigfishgames.llbwgoogfree,com.bigfishgames.llbwgoogfull
com.bigfishgames.mcfdgsggoogfree,com.bigfishgames.mcffcgoogfull
com.bigtexapps.android.blingolite,com.bigtexapps.android.blingo
com.binarymotor.eligetextolite,com.binarymotor.eligetextopro
com.binarymotor.wahletextlite,com.binarymotor.wahletextpro
com.binibambini.MiniLite,com.binibambini.Mini
com.binteraktive.dgafree,com.binteraktive.dgafull
com.binzin.playerfree,com.binzin.playerunlocker
com.bitbybitgames.mmamanager.free,com.bitbybitgames.mmamanager
com.bitknights.dict.engcro.free,com.bitknights.dict.engcro
com.blackbirdlivewallpapers.sharks3dlivewallpaperfree,com.blackbirdlivewallpapers.sharks3dlivewallpaper
com.blazingbyte.freejellyfish,com.blazingbyte.jellyfish
com.blogspot.andmonahov.magicdistortionfree,com.blogspot.andmonahov.magicdistortion
com.blogspot.andmonahov.surfacewavefree,com.blogspot.andmonahov.surfacewave
com.blogspot.astroidedu.vocabstoriesfree,com.blogspot.astroidedu.vocabstoriespro
com.blogspot.maxim_sheronov.sinus_live_wallpaper.free,com.blogspot.maxim_sheronov.sinus_live_wallpaper.pro
com.blogspot.tdlmedia.christmasmoonfree,com.blogspot.tdlmedia.christmasmoon
com.blogspot.tdlmedia.tropicfree,com.blogspot.tdlmedia.tropic
com.blogspot.techandtopics.alcoholpartyfree,com.blogspot.techandtopics.alcoholparty
com.bloodhoundstudios.gridinfect.free,com.bloodhoundstudios.gridinfect
com.blyts.greedyspiders2.free,com.blyts.greedyspiders2
com.brainium.freecellfree,com.brainium.freecell
com.brainium.jumbline2free,com.brainium.jumbline2
com.brainium.solitairefree,com.brainium.solitaire
com.brennerd.sudoku.free,com.brennerd.sudoku.paid
com.brightson.soft.knowledge.CPT_Phlebotomy_free,com.brightson.soft.knowledge.CPT_Phlebotomy
com.brightson.soft.knowledge.EKG_free,com.brightson.soft.knowledge.EKG_Pro
com.broadspectrumfree.kg5jst,com.broadspectrumpaid.kg5jst
com.brochos.tizkor.sefira.lite,com.brochos.tizkor.sefira.full
com.btek.fitness.fanaticfree,com.btek.fitness.fanatic
com.buenavistastudio.italiancookinglite,com.buenavistastudio.italiancooking
com.buffstudio.bkafree,com.buffstudio.bka
com.buffstudio.ontheherofree,com.buffstudio.onthehero
com.builtclean.android.livewallpapers.bacon.free,com.builtclean.android.livewallpapers.bacon.donate
com.bussola.lite,com.bussola.pro
com.byonetech.android.free.silencer,com.byonetech.android.silencer
com.bypn.android.app.coachpad.free,com.bypn.android.app.coachpad.pro
com.bytebolt.drumloopsfree,com.bytebolt.drumloops
com.bytexgames.irisquestfree,com.bytexgames.irisquest
com.cambridgeuseofenglish.fcelite,com.cambridgeuseofenglish.fce
com.canozcelik.can.engineeringeconomyfree,com.canozcelik.can.engineeringeconomy
com.cassetteandpencil.jgafree,com.cassetteandpencil.jga
com.castreal.game.fezitafree,com.castreal.game.fezita
com.cava.imsynt.free,com.cava.androidsyn
com.ceilingmike.subredditwallpaperfree,com.ceilingmike.subredditwallpaperpaid
com.cesd.lottonumbers.lottonumbersfree,com.cesd.lottonumbers.lottonumberspro
com.cesd.www.tbltennisfree,com.cesd.www.tbltennispro
com.cgollner.systemmonitor.lite,com.cgollner.systemmonitor
com.chainsys.sevenkeysasthma_lite,com.chainsys.sevenkeysasthma
com.chess.master3d,com.chess.master3dpro
com.chordtrainerfree,com.chordtrainer
com.clbsystems.bombcodedefuser.free,com.clbsystems.bombcodedefuser.paid
com.clbsystems.superiortipcalculator.free,com.clbsystems.superiortipcalculator.paid
com.clidoapps.ringtonesfree,com.clidoapps.ringtones
com.clockworkpixels.vampireventureslite,com.clockworkpixels.vampireventures
com.cloudworth.poland_free,com.cloudworth.poland
com.cloudworth.sicily_free,com.cloudworth.sicily
com.codesector.speedview.free,com.codesector.speedview.pro
com.codewai.fungipedialite,com.codewai.fungipedia
com.cognithema.chessvariationsfree,com.cognithema.chessvariations
com.cognitial.directvremote,com.cognitial.directvremotepro
com.commonmathstats.couponassistant.free,com.commonmathstats.couponassistant.paid
com.complexsimulation.jigsawmathpuzzlefree,com.complexsimulation.jigsawmathpuzzle
com.comsofinteractive.tipcalculatorlitee,com.comsofinteractive.tipcalculator
com.countdownr.android.free,com.countdownr.android
com.crazelle.app.todo.free,com.crazelle.app.todo
com.creativaperu.sokobanlite,com.creativaperu.sokoban
com.creaturecorp.princesscashregister,com.creaturecorp.princesscashregisterfull
com.crimi.phaseoutfree,com.crimi.phaseout
com.criticalthinking.mindbenders1free,com.criticalthinking.mindbenders1
com.cronoscopium.cattareversilite,com.cronoscopium.cattareversi
com.cwssoft.android.naughtydice.lite,org.fogproject.naughtydice
com.cyancanyon.blasted_lite,com.cyancanyon.blasted
com.cyno.drawme_free,com.cyno.drawme
com.cyphercove.animaltimefree,com.cyphercove.animaltime
com.daklab.timertimerfree,com.daklab.timertimer
com.dancadar.gps.speedometer.free,com.dancadar.mobile.dashboard.gps.speedometer
com.danielmedeiros.dwsim_calculator_free,com.danielmedeiros.dwsim_calculator
com.danielviktorin.tramtycoonfree,com.danielviktorin.tramtycoon
com.darthsith.droidbriscolafree,com.darthsith.droidbriscola
com.datawaregames.coloringbook23lite,com.datawaregames.coloringbook23
com.datawaregames.coloringbook27lite,com.datawaregames.coloringbook27
com.datawaregames.stickerbook3lite,com.datawaregames.stickerbook3
com.datawaregames.stickerbook4lite,com.datawaregames.stickerbook4
com.datawaregames.stickerbooklite,com.datawaregames.stickerbook
com.david.metaltriviallite,com.david.metaltrivial
com.dayglows.vivid.lite,com.dayglows.vivid.full
com.dazwierz42.lottopickerlite,com.dazwierz42.lottopicker
com.ddentertainment.gamma_ball_free,com.ddentertainment.gamma_ball
com.defranoux.l2launcher_free,com.defranoux.l2launcher_full
com.delitestudio.filetransferfree,com.delitestudio.filetransfer
com.deltaphi.drumatefree,com.deltaphi.drumate
com.derekjgrove.freempft.freempft,com.derekjgrove.prompft.prompft
com.desertstormfront.android.lite,com.desertstormfront.android.full
com.devdnua.equalizer.free,com.devdnua.equalizer
com.devhomc.soundplayer.free,com.devhomc.soundplayer.pro
com.deviabox.quinielazoslite,com.deviabox.quinielazos
com.dg.gtd.android.lite,com.dg.gtd.plugin.pure
com.dighentis.xylophonefree,com.dighentis.xylophone
com.digidust.elokence.akinator.freemium,com.digidust.elokence.akinator.paid
com.digimindsoft.wallpaper.seastorm3d.free,com.digimindsoft.wallpaper.seastorm3d.pro
com.digit.pmpexamfree,com.digit.pmpexam
com.digitalbananas.moodanalyzerfree,com.digitalbananas.moodanalyzer
com.digitalbananas.relaxingsoundsfree,com.digitalbananas.relaxingsounds
com.digitalchemy.currencyconverter,com.digitalchemy.calculator.decimal
com.dimension14.publishingcompanytycoonlitechina,com.dimension14.publishertycoonpaid
com.dingogames.tastyplanet1lite,com.dingogames.tastyplanet1
com.discountbookfree,com.discountbook
com.disney.WMWLite,com.disney.WMW
com.djit.apps.eq.free,com.djit.apps.eq.pro
com.dmartmor.loadplaceslite,com.dmartmor.loadplacespro
com.dna.lyricpad2.free,com.dna.lyricpad2.full
com.dnnstudio.kid_prodigy_free,com.dnnstudio.kid_prodigy
com.dolphin.android.horasdetrabajofree,com.dolphin.android.horariodetrabajopro
com.doninn.doninnaudiocutter.free,com.doninn.doninnaudiocutter
com.dotfinger.sudoku.free,com.dotfinger.sudoku.pro
com.dotnetideas.mypartyplannerlite,com.dotnetideas.mypartyplanner
com.doublecore.musicdropnplaylite2,com.doublecore.musicdropnplay
com.doubleuinc.lovepositionsfree,com.doubleuinc.lovepositions
com.downplaygames.summergameslite,com.downplaygames.summergames
com.dri.moodscapes.nature.stillpond.free,com.dri.moodscapes.nature.stillpond
com.driftwood.longbow.free,com.driftwood.longbow
com.driftwood.wallpaper.alarmfree,com.driftwood.wallpaper.alarm
com.driftwood.wallpaper.chinesezodiak.free,com.driftwood.wallpaper.chinesezodiak
com.driftwood.wallpaper.homestead.free,com.driftwood.wallpaper.homestead
com.driftwood.wallpaper.sleepypanda.free,com.driftwood.wallpaper.sleepypanda
com.droidcaddie.droidcaddiefree,com.droidcaddie.droidcaddie
com.droidheads.hotometerfree,com.droidheads.hotometer
com.droidheads.santafree,com.droidheads.voicemailsanta
com.droidheads.voicemailtoothfairyfree,com.droidheads.voicemailtoothfairy
com.droidplant.mapmasterfree,com.droidplant.mapmaster
com.drsulaimanapps.drugscapefree,com.drsulaimanapps.drugscape
com.dualboot.apps.springzenfree,com.dualboot.apps.springzen
com.duksel.halloweenslot.free,com.duksel.halloweenslot.vip
com.duksel.mafia.slots.free,com.duksel.mafia.slot.vip
com.duksel.slotpirates.free,com.duksel.slotpirates.vip
com.duksel.zombielandslot.free,com.duksel.zombielandslot.vip
com.dummies.desolverfree,com.dummies.desolver
com.dutadev.lwp.paperseafree,com.dutadev.lwp.papersea
com.dwappfactory.pocketcounselorlite,com.dwappfactory.pocketcounselor
com.e_deen.nasaifree,com.e_deen.nasai
com.easeapps.islamicgreetingcardsfree,com.easeapps.islamicgreetingcards
com.easy8.cardshark.lite,com.easy8.cardshark
com.ebzits.learningburmeselite,com.ebzits.learningburmese
com.echohacks.echohackslite,com.echohacks.echohacks
com.eclipsedroidfree,com.eclipsedroid
com.ed_morana.iss_transit_prediction_free,com.ed_morana.iss_transit_prediction_pro
com.edba.woodbridgesfree,com.edba.woodbridges
com.effigrity.ayurvedichomemedicine.free,com.effigrity.ayurvedichomemedicine.paid
com.eggrollgames.animalmathgrade2free,com.eggrollgames.animalmathgrade2paid
com.eggrollgames.askmecolorsfree,com.eggrollgames.askmecolorsshapes
com.eggrollgames.characterpuzzlefarmfree,com.eggrollgames.characterpuzzlefarmpaid
com.eggrollgames.matchmathmultiplicationfree,com.eggrollgames.matchmathmultiplicationpaid
com.eggrollgames.matchnumbersfree,com.eggrollgames.matchnumberspaid
com.eggrollgames.matchshapesfree,com.eggrollgames.matchshapespaid
com.egproject.thehouselite,com.egproject.thehouse
com.eightfloor.alicepatchwork.freemium.googleplay,com.eightfloor.alicepatchwork.paymium.googleplay
com.eightfloor.asian_riddles_3.free,com.eightfloor.asian_riddles_3
com.eightfloor.detectiveriddles.freemium.mob,com.eightfloor.detectiveriddles.paymium.mob
com.eightfloor.halloweennightmahjong.freemium.googleplay,com.eightfloor.halloweennightmahjong.paymium.googleplay
com.eightfloor.sakuradaymahjong.freemium.googleplay,com.eightfloor.sakuradaymahjong.paymium.googleplay
com.eightfloor.sakuradaytwomahjong.freemium.googleplay,com.eightfloor.sakuradaytwomahjong.paymium.googleplay
com.eightfloor.thanksgivingdaygriddlers.googleplay.freemium,com.eightfloor.thanksgivingdaygriddlers.googleplay.paymium
com.ekoheif.nephrology_assisstant_free,com.ekoheif.nephrology_advisor
com.elahinnovations.idealworkout.iwappfree,com.elahinnovations.idealworkout.iwapp
com.eliteface.wear.watchface.efa10,com.eliteface.wear.watchface.efa11
com.elky.likekids.grfree,com.elky.likekids.gr
com.elky.likekids.itfree,com.elky.likekids.it
com.elky.likekids.jpfree,com.elky.likekids.jp
com.elky.likekids.trfree,com.elky.likekids.tr
com.emailtutor.quadsolvefree,com.emailtutor.quadsolve
com.embu.pinoutsfree,com.embu.pinouts
com.emoticons.pluginfree,com.emoticons_symbols.pre
com.entercube.enqdrive.free,com.entercube.enqdrive.en
com.epublica.android.kidsmusicplayerfree,com.epublica.android.kidsmusicplayer
com.ermteam.emmofree,com.ermteam.emmo
com.eryodsoft.android.cards.damedepique,com.eryodsoft.android.cards.damedepique.full
com.eslgamesplus.kinder2.lite,com.eslgamesplus.kinder2
com.essential.usdriving.new.free,com.essential.usdriving.pro
com.estrongs.android.pop,com.estrongs.android.pop.pro
com.evilindiegames.chiptunerunnerfree,com.evilindiegames.chiptunerunner
com.evp.recording.console.lite,com.usa.evprecording.console
com.exacron.cybersheepfree,com.exacron.cybersheep
com.exomut.android.buzzinlite,com.exomut.android.buzzin
com.expandedlabs.behavioraltimerfree,com.expandedlabs.behavioraltimer
com.extreme3dstudios.mathlabfree,com.extreme3dstudios.mathlabpro
com.eyeballmonkeymedia.dodgefree,com.eyeballmonkeymedia.dodge
com.eyeballmonkeymedia.tictactoefree,com.eyeballmonkeymedia.tictactoe
com.ezcamwidgetlite,com.ezcamwidget
com.faadooengineers.free_ae,com.faadooengineers.pro_ae
com.faadooengineers.free_basicelectricalfirstyear,com.faadooengineers.pro_basicelectricalfirstyear
com.fakegaming.multidyndnsupaterfree,com.fakegaming.multidyndnsupater
com.falkenberg.bluetoothtimer.free,com.falkenberg.bluetoothtimer
com.familygtg.free,com.familygtg.app
com.famlinkup.stratego.free,com.famlinkup.stratego
com.famlinkup.trainerfree,com.famlinkup.trainer
com.fastemulator.gbafree,com.fastemulator.gba
com.fatpixelgames.liquifyfree,com.fatpixelgames.liquifyfull
com.ferretking.sexdicefree,com.ferretking.sexdicepro
com.ffcs.lotofacil.free,com.ffcs.lotofacil
com.fifthdimension.financierfree,com.fifthdimension.financiergold
com.fillinappenfree,com.fillinappenpro
com.finestandroid.rocketfree,com.finestandroid.rocket
com.firerabbit.android.game.fixmycar.lite,com.firerabbit.android.game.fixmycar.full
com.firerabbit.games.overlive.lite,com.firerabbit.games.overlive.unlocked
com.firstwaysoftware.tabletopicsrandomizerlite,com.firstwaysoftware.tabletopicsrandomizer
com.floydbloke.touristconverterfree,com.floydbloke.touristconverterpro
com.fluerapps.scaredcreaturesfree,com.fluerapps.scaredcreatures
com.flyingbusstudio.dreamingclocklite,com.flyingbusstudio.dreamingclock
com.forwardthinking.conversionmasterfree,com.forwardthinking.conversionmaster
com.fox.wallpaper.halloween.free,com.fox.wallpaper.halloween
com.fox.wallpaper.schnuffel.free,com.fox.wallpaper.schnuffel
com.fox.wallpaper.volcanodragon.free,com.fox.wallpaper.volcanodragon
com.frantic.vladlite,com.frantic.vlad
com.fredpitoizet.mlfwfree,com.fredpitoizet.mlfw
com.freeland.runnerfree,com.freeland.runner
com.freezeappsstudio.calculator,com.freezeappsstudio.calculatorpro
com.freezenova.maskedshooters,com.freezenova.maskedshootersfull
com.frozendragon.sceptrum.free,com.frozendragon.sceptrum.pay
com.fruitmobile.app.backuplite_new,com.fruitmobile.app.backup
com.fruitmobile.app.btexplorer.lite,com.fruitmobile.app.btexplorer
com.fugisoft.hangingwithcheatersfree,com.fugisoft.hangingwithcheaterspaid
com.future.brainsqueeze_free,com.future.brainsqueeze
com.future.fireworkstouchfree,com.future.fireworkstouch
com.fyinc.multitimer.free,com.fyinc.multitimer
com.gadnell.lostmummylite,com.gadnell.lostmummy
com.gagan.free.smart.lock,com.gagan.smart.lock
com.galakau.veloxfree,com.galakau.veloxfull
com.game.chinesechessfree,com.jns.game.socialchinesechess.markethd
com.game.mrs_clownfish_free,com.game.mrs_clownfish
com.gamehouse.anuman.monumentempirefree,com.gamehouse.monumentempire
com.gameon.bubblebustfree,com.gameon.bubblebust2premium
com.gamesbypost.tilesbypostfree,com.gamesbypost.tilesbypost
com.gameswithlogic.duo2_free,com.gameswithlogic.duo2
com.gamezen.brixbusterfree_G,com.gamezen.brixbuster_G
com.gamezen.jewelbusterfree_G,com.gamezen.jewelbuster_G
com.gappscorp.free.diffuser,com.gappscorp.diffuser
com.gappscorp.xbooster.free.prime,com.gappscorp.xbooster.prime
com.garrok.pipes.lite,com.garrok.pipes
com.gdc.android.yubisashi.jpfr.lite,com.gdc.android.yubisashi.jpfr
com.generalcoffee.fadeinmobilefree,com.generalcoffee.fadeinmobile
com.geoffsgames.bomberfree,com.geoffsgames.bomber
com.ggsfx.gfz.free,com.ggsfx.gfz
com.gi.talkinggarfield,com.gi.talkinggarfieldpremium
com.gionel.locationsharingfree,com.gionel.locationsharing
com.gkproggy.gkproggypokerfree,com.gkproggy.gkproggypoker
com.glapplications.crazyeightfree,com.glapplications.crazyeight
com.glaucopercopo.app.classicalguitarlite,com.glaucopercopo.app.classicalguitarpro
com.glaucopercopo.app.electricguitarlite,com.glaucopercopo.app.electricguitarpro
com.glm.trainerlite,com.glm.trainer
com.globaldpi.measuremaplite,com.globaldpi.measuremap
com.glups.newsyview.free,com.glups.newsyview
com.gmail.droidloup.babybeacon.lite,com.gmail.droidloup.babybeacon
com.goatella.flutedotslite,com.goatella.flutedots
com.goatella.saxdotslite,com.goatella.saxdots
com.gocapricorn.flashlightfree,com.gocapricorn.flashlightpro
com.gogiigames.mm1googfree,com.gogiigames.mm1googfull
com.gohonzonfree,com.gohonzon
com.goliathonline.android.ohioliquorfree,com.goliathonline.android.ohioliquor
com.gombosdev.creaturesofearthfree,com.gombosdev.creaturesofearth
com.gp.uartfree,com.gp.uart
com.grantojanen.charactercodechampionfree,com.grantojanen.charactercodechampion
com.grantojanen.intentprompterfree,com.grantojanen.intentprompter
com.grantojanen.numberwordswriterfree,com.grantojanen.numberwordswriter
com.grantsgames.usdcounterfree,com.grantsgames.usdcounter
com.greekwinterproductions.westwarddystopiafree,com.greekwinterproductions.westwarddystopia
com.greenrift.wordmasterfree,com.greenrift.wordmaster
com.groovyapps.simplempg.free,com.groovyapps.simplempg
com.gudensoft.nwsservicelite,com.gudensoft.nwsservice
com.guizardfree.application,com.guizard.application
com.guxiu.dreamdays_l,com.roc.dreamdays
com.halfbrick.fruitninjafree,com.halfbrick.fruitninja
com.hamilton.joel.physicsflakes.free,com.hamilton.joel.physicsflakes
com.handynorth.moneywise_free,com.handynorth.moneywise
com.haydenTheAndroid.pixelFleetLWP.lite,com.haydenTheAndroid.pixelFleetLWP
com.hcceg.veg.compassionfree,com.sisow.hcvg.healthydiningguide
com.hektorapps.kurvesfree,com.hektorapps.kurves
com.helpfulware.flash_it_greek_free,com.helpfulware.flash_it_greek
com.herocraft.game.free.footlol,com.herocraft.game.footlol
com.hexappon.starkingfree,com.hexappon.starking
com.heybear.atozdroidfree,com.heybear.atoz
com.heybear.babyviewlite,com.heybear.babyview
com.hg.dfwgfree,com.hg.dfwg
com.hg.dynamitefishingfree,com.hg.dynamitefishing
com.hg.ninjaherocatsfree,com.hg.ninjaherocats
com.hg.vikingfree,com.hg.viking
com.hinhnenemail.free,com.hinhnenemail.pro
com.hmobile.biblekjv,com.hmobile.biblekjvpro
com.hogdex.photofraudfree,com.hogdex.photofraudpaid
com.holfeldapps.speakgreekfree,com.holfeldapps.speakgreek
com.holy.bible.king.james,pro.holy.bible.king.james
com.home24.weightcontrolfree,com.home24.weightcontrol
com.hooeyapps.survivaltoolslite,com.hooeyapps.survivaltoolspro
com.hssn.anatomy3dlite,com.hssn.anatomy3d
com.hulme.inchtommfree,com.hulme.inchtommpro
com.hulme.tirecalcfree,com.hulme.tiresizeanalyzer
com.huntergames.runbillyrunfree,com.huntergames.runbillyrun
com.hydraulicpumps_lite,com.hydraulicpumps
com.i3wear.darkanalogfree,com.i3wear.darkanalog
com.ibeamsolverlite1,com.ibeamsolver
com.ibyteapps.joeandcharliefree,com.ibyteapps.joecharlie
com.icecoldapps.photoeditorultimatefree,com.icecoldapps.photoeditorultimate
com.icondice.screenshotlite,com.icondice.screenshotpro
com.iconnex.engspeaklite,com.iconnex.engspeak
com.icounttimer.android.free,com.icounttimer.android
com.idans.slowmofree,com.idans.slowmo
com.ideeo.nsadvancedlite,com.ideeo.inadvanced
com.idteam.lwp.superwallpaperfree,com.idteam.lwp.superwallpaper2016
com.idtech.app.mydrumsfree,com.idtech.app.mydrums
com.igottadroid.vrlauncherfree,com.igottadroid.vrlauncher
com.ihanwel.nidrarelax.lite,com.ihanwel.nidrarelax.en
com.ik.torahptfree,com.ik.torahptheb
com.ima.android.expensemanager.free,com.ima.android.expensemanager
com.imayi.dinodigger2free,com.imayi.dinodigger2
com.imayi.jurassicdigfree,com.imayi.jurassicdig
com.imayi.monstertruckgofree,com.imayi.monstertruckgo
com.immersiondesignstudio.nuvuefree,com.immersiondesignstudio.nuvue
com.infomir.stalkertvlite,com.infomir.stalkertv
com.innovativelanguage.wordpowerlite.chinesetraditional,com.innovativelanguage.wordpower.chinesetraditional
com.innovativelanguage.wordpowerlite.englishamerican,com.innovativelanguage.wordpower.englishus
com.innovativelanguage.wordpowerlite.englishbritish,com.innovativelanguage.wordpower.englishuk
com.innovativelanguage.wordpowerlite.french,com.innovativelanguage.wordpower.french
com.innovativelanguage.wordpowerlite.indonesian,com.innovativelanguage.wordpower.indonesian
com.innovativelanguage.wordpowerlite.korean,com.innovativelanguage.wordpower.korean
com.innovativelanguage.wordpowerlite.malay,com.innovativelanguage.wordpower.malay
com.innovativelanguage.wordpowerlite.polish,com.innovativelanguage.wordpower.polish
com.innovativelanguage.wordpowerlite.portuguese,com.innovativelanguage.wordpower.portuguese
com.innovativelanguage.wordpowerlite.russian,com.innovativelanguage.wordpower.russian
com.innovativelanguage.wordpowerlite.swahili,com.innovativelanguage.wordpower.swahili
com.intellijoy.drawwithshapes.lite,com.intellijoy.drawwithshapes
com.iquestionbanks.bankexamslite,com.iquestionbanks.bankexams
com.ispsoft.tplinkinstallerfree,com.ispsoft.tplinkinstallerfull
com.iu4apc.kx3companion_free,com.iu4apc.kx3companion
com.ivanovichgames.wheresmygeek_free,com.ivanovichgames.wheresmygeek_premium
com.j5.android.locationreminder.free,com.j5.android.locationreminder.pro
com.j5.android.parkingreminder.free,com.j5.android.parkingreminder.pro
com.jakyl.sscfree,com.jakyl.ssc
com.jalsalabs.ticklemyphonefree,com.jalsalabs.ticklemyphonefull
com.james.ipholderlite,com.james.ipholder
com.japanesegardenlivewallpaper.free,com.japanesegardenlivewallpaper
com.jaredshack.geoimageoverlayfree,com.jaredshack.geoimageoverlay
com.jayassist.homescreenwidgetmakerfree,com.jayassist.homescreenwidgetmaker
com.jdartsoft.questionsfree,com.jdartsoft.questions
com.jelkesoft.livewallpaper.winterwonderland.free,com.jelkesoft.livewallpaper.christmas
com.jfjsoftware.abc123.free,com.jfjsoftware.abc123.paid
com.jg.spongeminds.bubblegamefree,com.jg.spongeminds.alphabetbubbles
com.jobspeopledo.arabic.free,com.jobspeopledo.english
com.johnemulators.johngbalite,com.johnemulators.johngba
com.johnemulators.johngbclite,com.johnemulators.johngbc
com.johnnywag.lunarcommanderlite,com.johnnywag.lunarcommander
com.jonblackwell.todolistlite,com.jonblackwell.todo
com.joynow.enruphrasebooklite,com.joynow.enruphrasebook
com.jp.readers.clip2dic.lite,com.jp.readers.tools.clip2dic
com.jw.lwp.aqua.free,com.jw.lwp.aqua.pro
com.kalitechnologies.gaze.free,com.kalitechnologies.gaze.pro
com.kauf.birdminigolffreestylefun,com.kauf.birdminigolffreestylefun.google.premium
com.kedronic.cbnanimalsfree,com.kedronic.cbnanimals
com.kedronic.cbnchristmasfree,com.kedronic.cbnchristmas
com.kedronic.dotsdinosaursfree,com.kedronic.dotsdinosaurs
com.kedronic.memfruitsfree,com.kedronic.memfruits
com.keithwiley.android.wildspectramobilelite,com.keithwiley.android.wildspectramobilepro
com.kellytechnology.mathtechfree,com.kellytechnology.mathtech
com.kevinbradford.games.secondgradefree,com.kevinbradford.games.secondgrade
com.keyspice.cutevalentinefree,com.keyspice.lovedesignerpro
com.khymaera.android.listnotefree,com.khymaera.android.listnote
com.kidsgamesgalaxy.connectblocksfree,com.kidsgamesgalaxy.connectblocks
com.kitalab.simplevolumefree,com.kitalab.simplevolume
com.kiumiu.ca.statusbar.free,com.kiumiu.ca.statusbar
com.kiwiwalks.witchspringlunamlfree,com.kiwiwalks.witchspringlunaml
com.klox.metar.free,com.klox.metar.app
com.kmcpesh.microbiologyantimicrobialsfree,com.kmcpesh.microbiologyantimicrobials
com.knbmedia.findthemalldinolite,com.knbmedia.findthemalldino
com.knipsoft.klaverjassen.lite,com.knipsoft.klaverjassen
com.kodarkooperativet.blackplayerfree,com.kodarkooperativet.blackplayerex
com.kokufu.android.apps.sqliteviewer.free,com.kokufu.android.apps.sqliteviewer
com.koongfoo.biflalite2,com.stencyl.kfbifla2
com.kpraathul.gotrackfree,com.kpraathul.gotrackpro
com.ksharkapps.filebrowserlite,com.ksharkapps.filebrowser
com.ksolve.simpleequationsfree,com.ksolve.simpleequations
com.kukantech.molqulatorfree,com.kukantech.molqulator
com.kunstmusik.lite,com.kunstmusik
com.kuriusgames.tractorcrewfree,com.kuriusgames.tractorcrew
com.kvss.sdfree,com.kvss.sd
com.kyrutech.speeder.lite,com.kyrutech.speeder
com.kyuudroid.simplemusicplayer.free,com.kyuudroid.simplemusicplayer
com.labs.onirux.seaaquariumlivefree,com.labs.onirux.seaaquariumlivepro
com.lambtongames.videopokerclassicfree,com.lambtongames.videopokerclassic
com.landsproject.alertlite,com.landsproject.alert
com.lanius.kenoma.free,com.lanius.kenoma.pob
com.larshoye.apps.games.robot.free,com.larshoye.apps.games.robot.paid
com.lauracaponeeditore.giocodellabottigliafree,com.lauracaponeeditore.ilgiocodellabottiglia
com.laxitymedia.DriftRace.free,com.laxitymedia.DriftRace.full
com.laxitymedia.dirtracefurydesert.free,com.laxitymedia.DirtRace
com.laxitymedia.emojisrescue.free,com.laxitymedia.emojisrescue.full
com.lecacheur.android.ezshare.lite,com.lecacheur.android.ezshare.pro
com.leen.wallpaper.fantasticnature.lite,com.leen.wallpaper.fantasticnature
com.leen.wallpaper.misteriousisland.lite,com.leen.wallpaper.misteriousisland
com.lemi.smsautoreplytextmessagefree,com.lemi.smsautoreplytextmessagepro
com.lemonions.petprofiles_free,com.lemonions.petprofiles
com.leodev.real.mayafuturetellingliteeng,com.leodev.real.mayafuturetellingengpro
com.lescapadou.picturespellinglite,com.lescapadou.picturespelling
com.lessonplan.lessonplan.lessonplanfree,com.lessonplan.lessonplan.lessonplanpro
com.limongames.symbolicsfree,com.limongames.symbolics
com.linderdaum.engine.multibricks_free,com.linderdaum.engine.multibricks
com.liquidplayer.free,com.liquidplayer
com.livella.lite,com.livella.pro
com.livewallpaper.halloweenfree,com.livewallpaper.halloween
com.lizanityfree,com.lizanityfull
com.lmofitness.musclematefree,com.lmofitness.musclemate
com.lobolopez.mybikeloglite,com.lobolopez.mybikelog
com.lonedwarfgames.tankrecon2,com.lonedwarfgames.tankrecon2paid
com.longint.lomag.warehousemanagementfree,com.longint.lomag.warehousemanagementpay
com.loveapps.bingo.es.free,com.loveapps.bingo_paid_app
com.lovewallpaperfree,com.lovewallpaper
com.luckyme.alertpopuplite,com.luckyme.alertpopup
com.luckyme.notificationoldlite,com.luckyme.notificationold
com.ludicflame.minifan,com.ludicflame.minifan.full
com.luisroberto.lrpda.free,com.luisroberto.lrpda
com.lunarpixel.dragonsdungeonlite,com.lunarpixel.dragonsdungeonrpg
com.lunesoft.rushintervaltimer.lite,com.lunesoft.rushintervaltimer.professional
com.magicfind.infinityfree,com.magicfind.infinity
com.magicwach.rdefense_free,com.magicwach.rdefense
com.maildroid,com.maildroid.pro
com.makarovsoftware.android.flyingphotoslite,com.makarovsoftware.android.flyingphotos
com.maliukh.wallpaper.unreal3dfree,com.maliukh.wallpaper.unreal3d
com.mancwebdesign.colourviewer.free,com.mancwebdesign.colourviewer.pro
com.manoj.manojprabahar.mangata.free,com.manoj.manojprabahar.mangata
com.manualhackerfree,com.manualhackergold
com.manyquiz.programming.lite,com.manyquiz.programming.full
com.marijuana_gold_free,com.marijuana_gold_prox
com.martinodecarlo.levellite,com.martinodecarlo.level
com.massivecoding.lightmyheartfree,com.massivecoding.lightmyhearts
com.matungos.sshing.free,com.matungos.sshing.donate
com.mauiit.jqueryproquickguidefree,com.mauiit.jqueryproquickguide
com.mauiit.phpproquickguidefree,com.mauiit.phpproquickguide
com.mauiit.sqlproquickguidefree,com.mauiit.sqlproquickguide
com.maxcom.biorhythm.free,com.maxcom.biorhythm
com.mcmwebsite.mcmeventreminderfree,com.mcmwebsite.mcmeventreminder
com.mecasa.shadowballslite,com.mecasa.shadowballs
com.medialoha.android.monicarlite,com.medialoha.android.monicar
com.medicalgroupsoft.medical.diseasesmkb.ger.free,com.medicalgroupsoft.medical.diseasesmkb.ger.paid
com.medicalgroupsoft.medical.drugsdictionary.free,com.medicalgroupsoft.medical.drugsdictionary.paid
com.meditationoasis.sleepeasyfree,com.meditationoasis.sleepeasy
com.meganoid.engine,com.orangepixel.meganoid
com.melodycats.basscatlite,com.stockmusicboutique.basscat
com.merciari.tombolaelettronicafreeware,com.merciari.tombolaelettronica
com.metalanguage.learndanishfree,com.metalanguage.learndanish
com.metalanguage.learngermanfree,com.metalanguage.learngerman
com.metalanguage.learngreekfree,com.metalanguage.learngreek
com.metalanguage.learnhindifree,com.metalanguage.learnhindi
com.metalanguage.learnitalianfree,com.metalanguage.learnitalian
com.meteo.lite,com.meteo.pro
com.metosphere.musicfree,com.metosphere.music
com.metosphere.shoefree,com.metosphere.shoe
com.micchan.strawberrypad.lite,com.micchan.strawberrypad
com.microbull.microtorchfree,com.microbull.microtorch
com.microids.HdOv25.HdO3Musketeers.freemium,com.microids.HdOv25.HdO3Musketeers.full
com.microids.HdOv25.HdOBonnieAndClyde.freemium,com.microids.HdOv25.HdOBonnieAndClyde.full
com.microids.HdOv25.HdOFrankenstein.freemium,com.microids.HdOv25.HdOFrankenstein.full
com.microids.HdOv25.HdORomance.freemium,com.microids.HdOv25.HdORomance.full
com.microids.HdOv25.HdOTreasureIsland.freemium,com.microids.HdOv25.HdOTreasureIsland.full
com.microids.HdOv25.HdOVampire.freemium,com.microids.HdOv25.HdOVampire.full
com.microids.HdOv3.HdOLesMiserables.freemium,com.microids.HdOv3.HdOLesMiserables.full
com.microids.HdOv3.HdOLesMiserables2.freemium,com.microids.HdOv3.HdOLesMiserables2.full
com.midimaster.ballerburgfree,com.midimaster.ballerburgfull
com.mik61.catsoftheworldfree,com.mik61.catsoftheworldpremium
com.mik61.dogsoftheworldfree,com.mik61.dogsoftheworldpremium
com.mike.virtualtrainer.free,com.mike.virtualtrainer.pro
com.mikhaylov.kolesov.plasticinebeach.free,com.mikhaylov.kolesov.plasticinebeach
com.milimacode.mccallite.main,com.milimacode.mccal
com.mindboardapps.app.mbstdfree,com.mindboardapps.app.mbstd
com.mindplanet.android.litelogfree,com.mindplanet.android.litelog
com.mindplanet.android.madofree,com.mindplanet.android.mado
com.mindsetapp.lite,com.mindsetapp
com.miragelab.boomlandfree,com.miragelab.boomland.full
com.mixvibes.crossdjfree,com.mixvibes.crossdjapp
com.mjdapp.decaycalcfree,com.mjdapp.decaycalc
com.mjdapp.wordwheelfree,com.mjdapp.wordwheel
com.mm.trukey.app.lite,com.mm.trukey.app.full
com.mm.trurdp.lite,com.mm.trurdp.full
com.mmcalendar.lite,com.maalaimalar.mmcalender2018
com.mmtlabs.sparklerfree,com.mmtlabs.sparkler
com.mnocompany.awall.lite,com.mnocompany.awall
com.mnocompany.pickupviber.lite,com.mnocompany.pickupviber
com.mobi.android.quiz.bartendertrivialite,com.mobi.android.quiz.bartenderquiz
com.mobilebabytoys.animalsoundsfree,com.mobilebabytoys.animalsounds
com.mobisystems.mobiscanner,com.mobisystems.mobiscannerpro
com.mobisystems.msgsreg,com.mobisystems.msgs
com.mobitech.choice.lite,com.mobitech.choice
com.morphonix.brainwavelite,com.morphonix.brainwave
com.movaudio.ecomposerlite,com.movaudio.ecomposer
com.movinapp.dict.deit.free,com.movinapp.dict.deit
com.movinapp.dict.denl.free,com.movinapp.dict.denl
com.movinapp.dict.detr.free,com.movinapp.dict.detr
com.movinapp.dict.frnl.free,com.movinapp.dict.frnl
com.moz.racing2015.lite,com.moz.racing2015.pro
com.mr.complete_biotech_dictionary_free,com.mr.complete_biotech_dictionary
com.mr.complete_botany_dictionary_free,com.mr.complete_botany_dictionary
com.mrmethane.fartappfree,com.mrmethane.fartapp
com.mssdevlab.shengencalculatorfree,com.mssdevlab.shengencalculator
com.munyanmedia.carsandtrucks.lite,com.munyanmedia.carsandtrucks
com.musicagames.dosolfalite,com.musicagames.dosolfa
com.mykhailovdovchenko.fawtlite,com.mykhailovdovchenko.wfdca
com.myronalgebra.lite,com.myronalgebra
com.nadisam.citybombing.free,com.nadisam.citybombing.pro
com.naterop.freedive,com.naterop.freedivepro
com.natewren.linesdarkfree,com.natewren.linesdark
com.natewren.murderedoutfree,com.natewren.murderedout
com.nchsoftware.tonegen_free,com.nchsoftware.tonegen
com.nddev360.ice_invaders_free,com.nddev360.ice_invaders
com.neaststudios.procapture.free,com.neaststudios.procapture
com.neaststudios.superpano.free,com.neaststudios.superpano
com.netpixel.showmygoallite,com.netpixel.showmygoal
com.nevosoft.christmasville.free,com.nevosoft.christmasville
com.nevosoft.million.free,com.nevosoft.million
com.nevosoft.mushroomage.free,com.nevosoft.mushroomage
com.nevosoft.wonderlines.free,com.nevosoft.wonderlines
com.nightboost.kids.animals.lite,com.nightboost.kids.animals
com.nippt.amharicdictionary.free,com.nippt.amharicdictionary
com.nippt.kjv.free.bible,com.nippt.kjv.bible
com.nippt.santa.free.bible,com.nippt.santa.bible
com.nippt.somalidictionary.free,com.nippt.somalidictionary.pro
com.nippt.tagalog.free.bible,com.nippt.tagalog.bible
com.nissandatascan.ndatascaniiilite,com.nissandatascan.ndatascaniii
com.nnc.launcherfree,com.nnc.launcher
com.noaa_weather.noaaweatherfree,com.noaa_weather.noaaweather
com.nobu_games.android.hypernotesfree,com.nobu_games.android.hypernotes
com.nobu_games.android.zooliciousfree,com.nobu_games.android.zoolicious
com.nomix.significatodeinomifree,com.nomix.significatodeinomi
com.noodlecake.leagueofevilfree,com.noodlecake.leagueofevil
com.noppoland.android.wazatimerlite,com.noppoland.android.wazatimerpro
com.novelanswer.statisticalqualitycontrol_lite,com.novelanswer.statisticalqualitycontrol
com.obdhightech.fordoillightreset.oilreset.servicelight.oilprocedure,oht.oillightreset.oilresetlight.oil.service.reset.procedure.oilserviceresetpro
com.obdii_lqc.android.obdii.elm327.ecusimfree,com.obdii_lqc.android.obdii.elm327.ecusimpro
com.ocean.free.aquarium.livewallpaper,com.ocean.aquarium.livewallpaper
com.ocstudio.essentialguardianfree,com.ocstudio.essentialguardian
com.octoroid.komadori.lite,com.octoroid.komadori
com.odinight.gradeonemathfree,com.odinight.gradeonemath
com.officephone.free,com.officephone.paid
com.olegapps.cavelwpfree,com.olegapps.cavelwp
com.omgpop.dstfree,com.omgpop.dstpaid
com.onecwireless.movietrivia.free,com.onecwireless.movietrivia.full
com.onecwireless.spider1.free,com.onecwireless.spider1.full
com.onegravity.sudoku4ever.free,com.onegravity.sudoku4ever.plus
com.onetextfree.thompson,com.onetext.thompson
com.onjara.weatherforecastuk.free,com.onjara.weatherforecastuk
com.optimesoftware.tictactoe.free,com.optimesoftware.tictactoe.pro
com.orangepixel.chronocashfree,com.orangepixel.chronocash
com.orangepixel.dungeonfree,com.orangepixel.dungeon
com.orbit.orbitsmarthome.lite,com.orbit.orbitsmarthome.pro
com.orionsmason.ballerinapuzzlesfree,com.orionsmason.ballerinapuzzles
com.orionsmason.christmaspuzzlefree,com.orionsmason.christmaspuzzle
com.orionsmason.easterpuzzlefree,com.orionsmason.easterpuzzle
com.orionsmason.fairypuzzlesfree,com.orionsmason.fairypuzzles
com.orionsmason.halloweenpuzzlesfree2,com.orionsmason.halloweenpuzzles2
com.orionsmason.petpuzzlefree,com.orionsmason.petpuzzle
com.orionsmason.spacepuzzlefree,com.orionsmason.spacepuzzle
com.oruamsoft.megasenafree,com.oruamsoft.megasena
com.oruamsoft.quinafree,com.oruamsoft.quina
com.overpass.dutchbubblebathlite,com.overpass.dutchbubblebath
com.overpass.hungarianbubblebathlite,com.overpass.hungarianbubblebath
com.overpass.somalibubblebathlite,com.overpass.somalibubblebath
com.overpass.tagalogbblite,com.overpass.tagalogbb
com.ovogame.smileyspopfree,com.ovogame.smileyspop
com.ovogame.tropicalmaniafree,com.ovogame.tropicalmania
com.oxothuk.gorodki.lite,com.oxothuk.gorodki.full
com.paemaideas.homebuying.free,com.paemaideas.homebuying
com.papenmeier.wifibabymonitor.free,com.papenmeier.wifibabymonitor
com.papoogames.animals.lite,com.papoogames.animals
com.partyPowered.GPS_EASY_CAR_LITE,com.partyPowered.GPS_EASY_CAR_PRO
com.pazosoft.graphicCrossWord.lite,com.pazosoft.graphicCrossWord
com.pearmobile.pearbible.asv.lite,com.pearmobile.pearbible.asv
com.pearmobile.pearbible.kjv.lite,com.pearmobile.pearbible.kjv
com.pencilscribble.attendance_record_lite,com.pencilscribble.attendance_record
com.perpixel.app.oceanfree,com.perpixel.app.oceanruin
com.personalcloset.lite,com.personalcloset.full
com.peterfige.pocketsalsafestival.lite,com.peterfige.pocketsalsafestival.pro
com.peterhohsy.C8051_tutoriallite,com.peterhohsy.C8051_tutorialpro
com.pgc.heavylyrics.free,com.pgc.heavylyrics
com.pgc.pubquiz.history.free,com.pgc.pubquiz.history
com.pgc.pubquiz.movies.free,com.pgc.fastfacts
com.pgc.pubquiz.music.free,com.pgc.pubquiz.music
com.pgc.pubquiz.sports.free,com.pgc.pubquiz.sports
com.pgc.tvtrivia.free,com.pgc.tvtrivia
com.phanotek.xtremesoaring3d2free,com.phanotek.xtremesoaring3d2
com.phanovatives.gunshipIII.vpaffree,com.phanovatives.gunshipIII.vpaf
com.philippemarque.verbes_irreguliers_de_lite,com.philippemarque.verbes_irreguliers_de
com.philygsteak.matchgame.free,com.philygsteak.matchgame
com.philygsteak.pixelarmy.free,com.philygsteak.pixelarmy
com.phonegap.guitdownv2,com.phonegap.guitdownNoAds
com.phoseducation.wordcollectorfree,com.phoseducation.wordcollector2
com.phrenopolis.colorclocklite,com.phrenopolis.colorclock
com.pimentoso.android.candyfall.lite,com.pimentoso.android.candyfall
com.pineappledeveloper.freecashit,com.pineappledeveloper.cashit
com.placebo.android.spacewarfree,com.placebo.android.livewallpapers
com.planeth.gstflphfreeedm1,com.planeth.gstflphedminferno1
com.playcoolzombiesportgames.mine.craft.pocket.lite.exploration.voxel.story.ExplorationLite.adventure.world.girl.girls.princess,com.playcoolzombiesportgames.mine.craft.pocket.lite.exploration.voxel.adventure.world.girl.girls.minecraft.princess.ads.free
com.playcreek.DeathWorm_Free,com.playcreek.DeathWorm
com.playito.deathmetalfree,com.playito.deathmetal
com.plumamazing.iwatermarkplusfree,com.plumamazing.iwatermark
com.pmadelaine.aerocalc_free,com.pmadelaine.aerocalc
com.pmadelaine.bthermfree,com.pmadelaine.btherm
com.pmadelaine.plbutilfree,com.pmadelaine.plb_utility
com.poash.linuxreferencelite,com.poash.linuxreferencepro
com.poash.lwp.funnyfarmfree,com.poash.lwp.funnyfarm
com.poash.lwp.waterfall3dfree,com.poash.lwp.waterfall3d
com.pocketglow.android.speakeasyfrenchlite,com.pocketglow.android.speakeasyfrench
com.pocketglow.android.speakeasyitalianlite,com.pocketglow.android.speakeasyitalian
com.pocketglow.android.speakeasyrussianlite,com.pocketglow.android.speakeasyrussian
com.pocketglow.android.speakeasyukrainianlite,com.pocketglow.android.speakeasyukrainian
com.pointclickgames.lostadventureFREE,com.pointclickgames.lostadventure
com.polusbooks.dssc.ru.free,com.polusbooks.dssc.en
com.pons.spellflashlite,com.pons.spellflash
com.portable.timelapse.lite,com.portable.timelapse
com.power20.momandbaby.free,com.power20.momandbaby
com.power20.prenatal.free,com.power20.prenatal
com.primebitstudio.darktowerfree,com.primebitstudio.darktower
com.proactiveapp.womanlogbaby.free,com.proactiveapp.womanlogbaby.pro
com.proapplica.dietmasterappfree,com.proapplica.dietmasterapp
com.progimax.spray.free,com.progimax.spray
com.projectx.android.ScouterLite,com.projectx.android.Scouter
com.prosimulators.googleplay.proflightsimulator.free,com.prosimulators.googleplay.proflightsimulator.paid
com.protectstar.microguardfree,com.protectstar.microguardprofessional
com.protoss5482.classiclinesfree,com.protoss5482.classiclines
com.ps.dmeasytrack_free,com.ps.dmeasytrack
com.puzzlehouse.santasworkout2free,com.puzzlehouse.santasworkout2
com.puzzles.bridgesfree,com.puzzles.bridges
com.qefe.africawin.guaranteedfree,com.qefe.africawin.guaranteed
com.qefe.lottowin.guaranteedfree,com.qefe.lottowin.guaranteed
com.qlapps.plinvoicefree,com.qlapps.plinvoice
com.radio.laradiola.free,com.radio.laradiola.professional
com.ragecreations.freemason,com.ragecreations.freemason.lwp.full
com.rainbirth.zencolorslite,com.rainbirth.zencolors
com.ramandeepbakshi.remotesecuritysuitefree,com.ramandeepbakshi.remotesecuritysuiteroot
com.ramzichaich.emergency.free,com.ramzichaich.emergency
com.ratana.sunsurveyorlite,com.ratana.sunsurveyor
com.ratrodstudio.skateparty2lite,com.ratrodstudio.skateparty2
com.ratrodstudio.streetoutlawslite,com.ratrodstudio.streetoutlaws
com.rayhouseproductions.lasercrashfree,com.rayhouseproductions.lasercrash
com.raypho.sweetcandyfreeiconpack,com.raypho.sweetcandyiconpack
com.rdx.englishlettersfree,com.rdx.englishletters
com.realbyteapps.moneymanagerfree,com.realbyteapps.moneya
com.realspace3dfree.livewallpaper,com.realspace3d.livewallpaper
com.requestanapp.kenoanalyzerfree,com.requestanapp.kenoanalyzerpaid
com.requestanapp.readingcomprehensionfree,com.requestanapp.readingcomprehensionpaid
com.requestanapp.wageslavefree,com.requestanapp.wageslavepaid
com.res.restuarantapp.lite,com.res.restuarantapp
com.rideon.sakaba_eng_free,com.rideon.sakaba_eng
com.rlw.livewallpaperfree,com.rlw.livewallpaper
com.roebot.paperrouteaidlite,com.roebot.paperrouteaid
com.roei.clicklakfree,com.roei.oneclickcamerawidget
com.rollingfortress.wanderlust.free,com.rollingfortress.wanderlust
com.romanuhlig.twelveorbitsfree,com.romanuhlig.twelveorbits
com.roonto.horror_free,com.roonto.horror_paid
com.rootsfootballiteapp.app,com.rootsfootballapp.app
com.roqapps.mycurrencylite,com.roqapps.mycurrency
com.rscompany.hisiwonfree,com.rscompany.hisiwon
com.rt.acrosudokufree,com.rt.acrosudoku
com.ruje.hry.pexesofree,com.ruje.hry.pexeso
com.runloop.seconds.free,com.runloop.seconds
com.runtastic.android.heartrate.lite,com.runtastic.android.heartrate.pro
com.runtastic.android.mountainbike.lite,com.runtastic.android.mountainbike.pro
com.runtastic.android.squats.lite,com.runtastic.android.squats.pro
com.russpuppy.alphabettoddlerlite,com.russpuppy.alphabettoddler
com.saicumlite,com.saicum
com.salik.myQuranlite,com.salik.myQuran
com.samapp.backupsms.backupsmslite,com.samapp.backupsms.backsmspro
com.samapp.excelcontacts.excelcontactslite,com.samapp.excelcontacts.excelcontactsfull
com.samsung.overmob.ssh.lite,com.samsung.overmob.ssh
com.savan.discountchartlite,com.savan.discountchart
com.saveefree.battery.saver,com.savee.battery.saver
com.savemefree.userinterface,com.hugoboss.userinterface
com.sc2toolslab.sc2bmfree,com.sc2toolslab.sc2bmfull
com.schimera.webdavnavlite,com.schimera.webdavnav
com.scicho.surface3dlite,com.scicho.surface3dplot
com.scorerbox.boxscoreforbbfree,com.scorerbox.boxscoreforbb
com.sd.airplaneslwplite,com.sd.airplaneslwp
com.sd.coasterlwplite,com.sd.coasterlwp
com.seapps.android.bills.free,com.seapps.android.bills
com.seekpi.drawthisdothatlite,com.seekpi.drawthisdothat
com.semapplications.speedometer,com.semapplications.speedometerfull
com.semen.simplyeconomy.free,com.semen.simplyeconomy
com.sens.whisttinnitus.free,com.sens.whisttinnitus
com.sensodroid.countscale.lite,com.sensodroid.countscale
com.serviceme.silentmanager.free,com.serviceme.silentmanager
com.sesiasoft.sport.misterteamfootball.free,com.sesiasoft.sport.misterteamfootball.pro
com.sevenbit.firearmenator.free,com.sevenbit.firearmenator
com.sevensails.queensgarden2free,com.sevensails.queensgarden2mobile
com.seventyeightgames.particle_fun_free,com.seventyeightgames.particle_fun
com.seyeonsoft.neobookmark.lite,com.seyeonsoft.neobookmark
com.sg.ranaz.foodwaste.free,com.sg.ranaz.foodwaste
com.shaun.emojilite,com.shaun.emojilite_pro
com.shelter.shelterfree,com.shelter_droid.shelter
com.shen.merge55free,com.shen.merge55
com.shredtraining.guitarmageddonfree,com.shredtraining.guitarmageddonpro
com.silvercrk.backgammon_thd_free,com.silvercrk.backgammon_thd
com.silvercrk.euchre_free,com.silvercrk.euchre
com.silvercrk.hearts_free,com.silvercrk.hearts
com.silverteam.shottimerfree200,com.silverteam.shottimer200
com.simplemobiletools.gallery,com.simplemobiletools.gallery.pro
com.simplesoftwarestudio.prayerbook_en_free,com.simplesoftwarestudio.prayerbook_en
com.simplyusefulapps.android.wallpaper.tesla.free,com.simplyusefulapps.android.wallpaper.tesla
com.sitseducators.cprogrammingfactsfree,com.sitseducators.cprogrammingfacts
com.sitseducators.javaprogrammingfactsfree,com.sitseducators.javaprogrammingfacts
com.skinnynote.android.lite.gplay,com.skinnynote.android.gplay
com.skyarts.android.mugennumberplacefree,com.skyarts.android.mugennumberplace
com.skyarts.android.neopianofree,com.skyarts.android.neopiano
com.skycode.atrance.deit.free,com.skycode.atrance.deit
com.skycode.atrance.enfr.free,com.skycode.atrance.enfr
com.skycode.atrance.enit.free,com.skycode.atrance.enit
com.slabapp.free,com.slabapp.app
com.slaminsoftware.android.ParachuteDrop.free,com.slaminsoftware.android.ParachuteDrop
com.slimcricket.petitesorcierelite,com.slimcricket.petitesorciere
com.slimcricket.pipolite,com.slimcricket.pipo
com.smart.clipboard.lite,com.smart.clipboard
com.smartmobilesoftware.bmicalculatorfree,com.smartmobilesoftware.bmicalculator
com.smartprojects.RAMOptimizationFree,com.smartprojects.RAMOptimization
com.smoonsoft.lasttimeilite,com.smoonsoft.lasttimei
com.sms.keepcalmfree,com.sms.keepcalmpaid
com.snappyappz.ec.free,com.snappyappz.ec
com.snmcom.ricetteveganefree,com.snmcom.ricettevegane
com.snmp4j.android.mxpfree,com.agentpp.android
com.snowballsoftware.shrooms_free,com.snowballsoftware.shrooms
com.snyderss.theaswingfree,com.snyderss.theaswingpro
com.soft24hours.dictionaries.chemistrydictionary.free,com.medicalgroupsoft.medical.chemistryterminology.paid
com.softcraft.vocabularybiblelite,com.softcraft.vocabularybible
com.softech.allbright.ANCC_free,com.softech.allbright.ANCC_Pro
com.softmedia.receiver.lite,com.softmedia.receiver
com.softmimo.android.calltimetrackerfree,com.softmimo.android.calltimetracker
com.softmimo.android.connectfouranywherefreeversion,com.softmimo.android.connectfouranywhere
com.softmimo.android.sudokufree,com.softmimo.android.sudoku
com.softseed.free.minttbag,com.softseed.minttbag
com.sogapps.cshymnsfree,com.sogapps.cshymns
com.sogger.gmrnotifier.free,com.sogger.gmrnotifier
com.soulgrave.ghosthunter.free,com.soulgrave.ghostivity
com.soundgraph.remoteplus.free,com.soundgraph.remoteplus.pro
com.soundoasis.tinlite,com.soundoasis.tinpro2
com.speedAnatomy.speedAnatomyLite,com.speedAnatomy.speedAnatomyAdsFree
com.speedymarks.android.humidityfree,com.speedymarks.android.humidity
com.speedymarks.android.justsearchfree,com.speedymarks.android.justsearch
com.speedymarks.android.lottery.free,com.speedymarks.android.lottery
com.speedymarks.android.seasonsfree,com.speedymarks.android.Seasons
com.speedymarks.android.temperatureFree,com.speedymarks.android.temperature
com.speedymarks.android.thesaurus,com.speedymarks.android.thesaurusfull
com.speedymarks.android.windfree,com.speedymarks.android.wind
com.spooksoft.musictrainer_lite,com.spooksoft.musictrainer
com.spritefish.burstlensfree,com.spritefish.burstlens
com.srapps.callrecalllite,com.srapps.callrecall
com.ssafitness.yogatoopeningpelvisgroinfree,com.ssafitness.yogatoopeningpelvishd
com.st.drawthepathfullfree,com.st.drawthepath
com.stallware.dashdow.sms.lite,com.stallware.dashdow.sms.plus
com.startific.chameleon3dlwpfree,com.startific.chameleon3dlwp
com.stefanheine.sudoku.free.easy,com.stefanheine.sudoku.full.easy
com.stefanheine.sudoku.free.hard,com.stefanheine.sudoku.full.hard
com.stem.bulbsfree,com.stem.bulbs
com.stock2own.stockvalueanalyzerlite,com.stock2own.stockvalueanalyzerpro
com.stoik.beautifulfacefree,com.stoik.beautifulface
com.storytoys.Chuggington.Book1.Free.GooglePlay,com.storytoys.Chuggington.Book1.Paid.GooglePlay
com.strelnikov.bubblesfree,com.strelnikov.bubbles
com.strong.mind.heavenly.stars.lwp.free,com.strong.mind.heavenly.stars.lwp.pro
com.sumitech.boardfeetfree,com.sumitech.boardfeetfull
com.supergoodpixel.blackjackfree,com.supergoodpixel.blackjack
com.suvi.autoconlite,com.suvi.autocon
com.swashapps.memorygame.free,com.swashapps.memorygame
com.swotwords.lite,com.swotwords
com.symbolsoffreemasonry.magicmotherboard,com.symbolsoffreemasonrypaid.magicmotherboard
com.symbolsoffreemasonry2free.magicmotherboard,com.symbolsoffreemasonry2paid.magicmotherboard
com.symbolsoffreemasonry3free.magicmotherboard,com.symbolsoffreemasonry3paid.magicmotherboard
com.sympleza.enesdictionaryfree,com.sympleza.enesdictionarypremium
com.sympleza.enitdictionaryfree,com.sympleza.enitdictionarypremium
com.sympleza.enswdictionaryfree,com.sympleza.enswdictionarypremium
com.t11.skyviewfree,com.t11.skyview
com.tactustherapy.vat.lite,com.tactustherapy.vat
com.tallmouse.livewallpaper.faraway.mmarine.free,com.tallmouse.livewallpaper.faraway.mmarine
com.tallmousegames.liveinkwallpaperfree,com.tallmousegames.liveinkwallpaper
com.tangram3D.Athletics2Free,com.tangram3D.Athletics2
com.tangram3D.AthleticsFree,com.tangram3D.Athletics
com.tangram3D.SummerGamesLite,com.tangram3D.SummerGames
com.taoscopy.lite,com.taoscopy.full
com.taptapstudio.dailyscripturelite,com.taptapstudio.dailyscripture
com.taptapstudio.dailystreamslite,com.taptapstudio.dailystreams
com.taptapstudio.dailywordlite,com.taptapstudio.dailyword
com.taptoenjoy.flashlight.free,com.taptoenjoy.flashlight.pro
com.tbig.playerprotrial,com.tbig.playerpro
com.tdfsoftware.fivfree,com.tdfsoftware.fiv
com.teazel.crossword.cryptic.lite,com.teazel.crossword.cryptic.full
com.techz.odiadictionaryfree,com.techz.odiadictionary
com.tecvis.framer_free,com.tecvis.framer
com.telbyte.lite.pdf,com.telbyte.pdf
com.teragon.hexapole.lite,com.teragon.hexapole.pro
com.thambu.lockscreenwallpaper.free,com.thambu.lockscreenwallpaper.paid
com.thegamecreators.edugurumaths5free,com.thegamecreators.eduguruenglish5
com.theorytestukcarfree,com.theorytestukcar
com.thetisgames.googleplay.flightsimulator2016.free,com.thetisgames.googleplay.flightsimulator2016
com.thetisgames.googleplay.helicoptersimulator2017.free,com.thetisgames.googleplay.helicoptersimulator2017.paid
com.thetisgames.googleplay.trainsimulator.free,com.thetisgames.googleplay.trainsimulator
com.thetisgames.googleplay.trucksimulator2016.free,com.thetisgames.googleplay.trucksimulator2016
com.thetisgames.gplay.tdts.free,com.thetisgames.gplay.tdts
com.thetisgames.ts2014.free,com.thetisgames.ts2014
com.thewordsearch.free,com.thewordsearch.pro
com.think_android.apps.appmonster.cloud.free,com.think_android.apps.appmonster.cloud
com.thinkyeah.privatespacefree,com.thinkyeah.privatespace
com.thryvinc.kjv_db_free,com.thryvinc.kjv_db_paid
com.thryvinc.nkjv_db_free,com.thryvinc.nkjv_db_paid
com.tibetfree.livewallpaper,com.tibet3dpro.livewallpaper
com.ticogroup.gocodeindiafree,com.ticogroup.gocodeindia
com.tiltangames.seapuzzlelite,com.tiltangames.seapuzzle
com.timegalore.headsupholdempokerlite,com.timegalore.headsupholdempoker
com.timegalore.magicbattlelite,com.timegalore.magicbattle
com.timthefox.puzzletalesfree,com.timthefox.puzzletales
com.timthefox.travelfree,com.timthefox.travel
com.tinymission.dailycardioworkoutfree,com.tinymission.dailycardioworkoutpaid
com.tireless.sslanderlite,com.tireless.sslander
com.tivola.dogworld.free,com.tivola.dogworld.dalmatian
com.tivola.fantasy.free,com.tivola.fantasy.full
com.tk102_xexun_free,com.tk102_xexun
com.tmf.abcottdrmfree,com.tmf.abcottdrm
com.tntgames.starrealmscompanionlite,com.tntgames.starrealmscompanion
com.tommo.tgfepp3,com.tommo.tgpepp3
com.topoflearning.free.medical.terminology.encyclopedia.science.dictionary,com.topoflearning.best.medical.terminology.encyclopedia.science.dictionary
com.topoflearning.free.real.estate.definition.term.course,com.topoflearning.best.real.estate.definition.term.course
com.topoflearning.free.vibering.certified.applied.applied.Health.aptitude.test,com.topoflearning.best.vibering.certified.applied.applied.Health.aptitude.test
com.topoflearning.free.vibering.medical.nursing.exam.review,com.topoflearning.best.vibering.medical.nursing.exam.review
com.topoflearning.free.vibering.registred.nurse.practitioner.np.arnp.exam,com.topoflearning.best.vibering.registred.nurse.practitioner.np.arnp.exam
com.topoflearning.free.vibering.series7.finance.course.exam.review,com.topoflearning.best.vibering.series7.finance.course.exam.review
com.topoflearning.free.vibering.usmle.test.bank.questions.secondset,com.topoflearning.best.vibering.usmle.test.bank.questions.secondset
com.trackthebird.medreminderlite,com.trackthebird.medreminder
com.trans_code.android.droidscanliteopenbeta,com.trans_code.android.droidscan
com.trap.petroleum.petrophysicslite,com.trap.petroleum.petrophysics
com.trib.app.tectotraklite,com.trib.app.tectotrak
com.trib.app.trackandeventlite,com.trib.app.trackandeventgps
com.tripitech.callbuffer24hlite,com.tripitech.callbuffer24hpro
com.tritoninteractive.remuda.lite,com.tritoninteractive.remuda
com.troberg.alwayssmsfree,com.troberg.alwayssms
com.tss21.input.koreanlite,com.tss21.input.korean
com.tsumanga.fairylite,com.tsumanga.fairyclub
com.tuneit.tuneitlite,com.tuneit.tuneit
com.turtlerockstudios.garagebuddy.free,com.turtlerockstudios.garagebuddy
com.tutioncentral.jaiiblite,com.tutioncentral.jaiibpro
com.tutioncentral.nclexrnlite,com.tutioncentral.nclexrnpro
com.tutotoons.app.kittymeowmeowcityheroes.free,com.tutotoons.app.kittymeowmeowcityheroes.full
com.tutotoons.app.ponysistershairsalon2.free,com.tutotoons.app.ponysistershairsalon2.full
com.tvkdevelopment.nobloatfree,com.tvkdevelopment.nobloat
com.twistago.androidlite,com.twistago.android
com.twopersonstudio.games.spiteandmalicefree,com.twopersonstudio.games.spiteandmalice
com.ubiquesoft.lottozlite,com.ubiquesoft.lottozpro
com.ullucus.fragmentsnoteasfreeen,com.ullucus.fragmentsnoteasen
com.uniqueundead.spiderweb_lite,com.uniqueundead.spiderweb_pro
com.universalmobile.zombieatackfree,com.universalmobile.zombieatack
com.uppbridge.vrstareludefreetrial,com.uppbridge.vrstarelude
com.uppercut_games.snowjinksfree,com.uppercut_games.snowjinks
com.upshft.upshiftapplite,com.upshft.upshiftprime
com.urfas.magic_night_free,com.urfas.magic_night
com.urfas.parallax_space_free,com.urfas.parallax_space
com.v_ware.insectsoundfxlite,air.com.v_ware.insectsoundfx
com.v_ware.vloaderfree,com.v_ware.vloader
com.valorware.ninthdawniidemofree,com.valorware.ninthdawnii
com.vd.mathsformulafree,com.vd.mathsformulapro
com.vectorunit.greenfree,com.vectorunit.green
com.veitch.themelodymaster.pmf,com.veitch.themelodymaster.pmp
com.venturecomm.nameyfree,com.venturecomm.namey
com.verbole.dcad.verbolerussianlite,com.verbole.dcad.verbolerussian
com.vialsoft.ifahrschultheoriefree,com.vialsoft.ifahrschultheorie
com.vialsoft.radarwarner_lite,com.vialsoft.radarwarner
com.vididev.boncomptelite,com.vididev.boncompte
com.vinhashapp.freewifihotspotportable,com.vinhashapp.wifiportable.freewifihotspot
com.visualit.zuti.londonLite,com.visualit.zuti.washington
com.vitaminlabs.campanadas.free,com.vitaminlabs.campanadas.paid
com.vitocassisi.luxlite,com.vito.lux
com.vm.android.clockwork2.lite,com.vm.android.clockwork2
com.voiceplusfree,com.voiceplus
com.vwanddev.mobpdftoolfreebie,com.vwanddev.mobpdftoolprime
com.walex.gamecard.coinchelite,com.walex.gamecard.coinche
com.waltietalkiefree.android,com.waltietalkie.android
com.warlockstudio.armored.forces.world.war.lite,com.warlockstudio.armored.forces.world.war.full
com.wavecrestentertainment.treejumperlite,com.wavecrestentertainment.treejumper
com.welant.mockups.lite,com.welant.mockups
com.welch.hushbuddyfree,com.welch.hushbuddy
com.whirlscape.minuumfree,com.whirlscape.minuumkeyboard
com.whitetigergames.blossomy_free,com.whitetigergames.blossomy_premium
com.whitetigergames.chemistry_free,com.whitetigergames.chemistry_premium
com.whodunnit.medicalphysics.dosecalculatorfree,com.whodunnit.medicalphysics.dosecalculator
com.whodunnit.medicalphysics.xrayattenuationfree,com.whodunnit.medicalphysics.xrayattenuationpro
com.wieringsoftware.charlie_the_duck.free,com.wieringsoftware.charlie_the_duck
com.willware.rufio2.lite,com.willware.rufio2
com.wilysis.cellinfolite,com.wilysis.cellinfo
com.winefoodmatcherfree,com.platsnetvinsfull
com.wisdomlabs.vaccinationguidefree,com.wisdomlabs.vaccinationguidepro
com.withbuddies.dice.free,com.withbuddies.dice
com.wordfindfree,com.wordfind
com.wordpress.wisdomlab.antibiotictherapyfree,com.wordpress.wisdomlab.antibiotictherapy
com.xaleragames.drawconnectfree,com.xaleragames.connectdrawpro
com.xoopsoft.apps.allsvenskan.free,com.xoopsoft.apps.allsvenskanpro
com.xoopsoft.apps.argentina.free,com.xoopsoft.apps.argentinapro
com.xoopsoft.apps.australia.free,com.xoopsoft.apps.australiapro
com.xoopsoft.apps.footballplus.germany.free,com.xoopsoft.apps.footballplus.germany.pro
com.xoopsoft.apps.footballplus.portugal.free,com.xoopsoft.apps.footballplus.portugal.pro
com.xoopsoft.apps.segundaliga.free,com.xoopsoft.apps.segundaligapro
com.xoopsoft.apps.superlig.free,com.xoopsoft.apps.superligpro
com.xuecs.sqlitemanager,com.xuecs.sqlitemanagerpro
com.ycdroid.hqvrlite,com.ycdroid.hqvrpro
com.ycdroid.voicecallidlite,com.ycdroid.voicecallid
com.yellowdroid.toddlerwordsfree,com.yellowdroid.toddlerwordspro
com.yeoniyouni.news.free,com.yeoniyouni.news
com.zaax.videowatermarkfree,com.zaax.videowatermark
com.zamax.android.applistfree,com.zamax.android.applist
com.zanyatocorp.formulaonelwpfree,com.zanyatocorp.formulaonelwp
com.zayedcom.mycompassfree,com.zayedcom.mycompass
com.zdamusement.livewallaper.amazingforestfree,com.zdamusement.livewallaper.amazingforest
com.zingmagic.chinesechessvfree,com.zingmagic.chinesechessv
com.zinkia.pocoyo.colors.free,com.zinkia.pocoyo.colors
com.zinkia.pocoyo.numbers.free,com.zinkia.pocoyo.numbers
com.zinkia.pocoyoclassicfree,com.zinkia.pocoyoclassic
com.zmileyapps.speedhackfree,com.zmileyapps.speedhack
com.zoolax.spacecitylite,com.zoolax.spacecity
com.zz.freesupertips,com.zz.betting.prosupertips.pro
com3queensoftware.DinnerBellLite,com.queen3software.DinnerBell
coolcoders.coolcamerafree,coolcoders.coolcamera
countdown.calendar.lite,countdown.calendar
counterfree.app,counter.app
cryptozoology.app.lite,com.shadowinkdesigns.cryptozoology
cy6DfJVkoq4EGj7CZk3M.sandy.free,cy6DfJVkoq4EGj7CZk3M.sandy
cz.newoaksoftware.artisticcamera.free,cz.newoaksoftware.artisticcamera
cz.plajt.touchofimpress_free,cz.plajt.touchofimpress
cz.rozkovec.android.sweet_battle_free,cz.rozkovec.android.sweet_battle
cz.rychtar.android.quickcalllite,cz.rychtar.android.quickcall
daemon.dicepoolfree,daemon.dicepool
dagidagi.studio.toddlercards.animals.free,dagidagi.studio.toddlercards.animals.full
de.amberhome.weather2free,de.amberhome.weather2
de.andorid.flashlightlite,de.android.flashlightpro
de.appsonair.wallpaper.chicago.free,de.appsonair.wallpaper.chicago.paid
de.dannydan.bottomsuplite,de.dannydan.bottomsup
de.development.outline.marblemonster.lite,de.development.outline.marblemonster
de.einszumanderen.muffinsfree,de.einszumanderen.muffins
de.emomedia.dieveganenfree,de.emomedia.vegancookie
de.emomedia.megaspruechefree,de.emomedia.megasprueche
de.emomedia.neuewitzefree,de.emomedia.neuewitze
de.evolutionapps.einbuergerungstestfree,de.evolutionapps.einbuergerungstest
de.fk.android.pushylite,de.fk.android.pushy
de.fromfuture.BlueWhite.free,de.fromfuture.BlueWhite
de.fun4mobile.galaxyhopperfree,de.fun4mobile.galaxyhopper
de.grobox.blitzmail.lite,de.grobox.blitzmail.pro
de.h3games.pochfree,de.h3games.poch
de.hms.xconstruction,de.hms.xconstructionfull
de.inforapid.knowledgebasebuilder.free.android,de.inforapid.knowledgebasebuilder.android
de.jws.puzzlelite,de.jws.puzzlefull
de.koloch.evaluator.free,de.koloch.evaluator
de.loedu.bt_controll_lite,bt_control_pro.loedu.de.bluetoothcontrolpro
de.lukasheidenreich.gpsmapexplorer_lite,de.lukasheidenreich.gpsmapexplorer
de.lutzclausnitzer.himmelsfuehrungenfree,de.lutzclausnitzer.himmelsfuehrungen
de.lutzclausnitzer.himmelsfuehrungenfreeen,de.lutzclausnitzer.himmelsfuehrungenen
de.matthiaskorte.kennzahlenfree,de.matthiaskorte.kennzahlen
de.miwi.personalcalendarfree,de.miwi.personalcalendar
de.mmeisenbahn.mmrailway_free,de.mmeisenbahn.mmrailway_pro
de.mneuroth.gnuplotviewerfree,de.mneuroth.gnuplotviewer
de.snorek.freeapp,de.snorek.freeapp.full
de.stickler.seamapsfree,de.stickler.seamaps
de.topobyte.apps.offline.stadtplan.lite.stuttgart,de.topobyte.apps.offline.stadtplan.stuttgart
de.twayne.android.expertfantasyclocklite,de.twayne.android.expertfantasyclock
de.wgr.vcapplite34,de.wgr.vcapppremium34
deepbluemedia.iquitfree,deepbluemedia.iquit
deercallsfree.viewstubdemo,deercalls.viewstubdemo
development.nk.mantinadesfree,development.nk.readingfile
dgthien.english.crazyEnglish.vietname.free,dgthien.english.crazyEnglish.vietnam
dk.mochasoft.mochapinglite,dk.mochasoft.mochaping
dk.mochasoft.telnetlite,dk.mochasoft.telnet
domino.ndroidz.com,dominofull.ndroidz.com
dph.tools.photos.cloudphotomanagerfree,dph.tools.photos.cloudphotomanager
dude2k5.motoblankfree,dude2k5.motoblank
e.k.speeduhfree,com.eukata.speeduh
ee.arws_apps.astrologyquiz_free,ee.arws_apps.astrologyquiz
ee.arws_apps.chinese_astrology_quiz_free,ee.arws_apps.chinese_astrology_quiz
ekreutz.memegen.free,ekreutz.memegen.pro
es.en.free.gand.gapp,es.en.gand.gapp
es.ganttdroidlite,es.ganttdroidpro
es.mentor.pedidoscarnicerofree,jr.rf.pedidoscarnicero
es.vcode.musepad.lite,es.vcode.musepad
es.virtualcode.apps.free.khali,es.virtualcode.lw.khali
esfreeesdomain.dungeonnightmaresfree,com.joesdomain.dungeonnightmares
eu.aagames.elementaljewels.free,eu.aagames.elementaljewels
eu.dreamup.whalyfree,eu.dreamup.whaly
eu.evgb.gravitygem.lite,eu.evgb.gravitygem.pro
eu.foxjunior.simpleandcleanwathfacefree,eu.foxjunior.simplecleanwatchface
eu.helloit.diyappfree,eu.helloit.diyapp
eu.rjsoftlite,eu.rjsoft
fi.doctorme.sickless_free,fi.doctorme.sickless
fishnoodle.autumn_free,fishnoodle.autumn
fishnoodle.bamboo_free,fishnoodle.bamboo
fishnoodle.flag_free,fishnoodle.flag
fishnoodle.funhouse_free,fishnoodle.funhouse
fishnoodle.lines_free,fishnoodle.lines
fishnoodle.maryjane_free,fishnoodle.maryjane
fishnoodle.plasmaball_free,fishnoodle.plasmaball
fishnoodle.spacescapewallpaper_free,fishnoodle.spacescapewallpaper
fr.telemaque.tarotmarseillelite,fr.telemaque.tarotsmarseille
fr.tokata.jimi.guitar.lite,fr.tokata.jimi.guitar
free.dentou.kaichuu,dentou.kaichuu
free.droid.talker,talker.droid
free.henkan.senti.inch,henkan.senti.inch
free.kemco.wws.eofa,kemco.wws.eofa
free.kidswriting.everykidsapps.en,com.kidswriting.everykidsapps.en
free.langame_es.rivex,langame_es.rivex
free.langame_fr.rivex,langame_fr.rivex
free.langame_pl.rivex,langame_pl.rivex
free.langame_pt.rivex,langame_pt.rivex
free.mem.rivex,mem.rivex
free.moji.oo.chou,moji.oo.chou
free.reddit.news,reddit.news
furettodelmale.puzzle15.free,furettodelmale.puzzle15.full
geckocreativeworks.gemmorg.lite,geckocreativeworks.gemmorg.full
ggear.lite,green.egear
gmin.app.reservations.ds.free,gmin.app.reservations.ds
goldenhammer.scribblewormfree,goldenhammer.scribbleworm
gr.mobile.freemeteo,gr.mobile.freemeteo.premium
greenbox.greaterfootball_free,greenbox.greaterfootball
handcarefee.fisioencasa.handcarefree.handcarefee,handcare.superplux.handcare
happypt.knk.abletonlite.tips,ableton.knk.shortcuts
hebrew.sampler.lite.free,com.mosync.app_ICanHebrew_Sampler
hu.mep.pvcalc.lite,hu.mep.pvcalc
hwhzl.hlthfree.trk,hwhzl.hlth.trk
ig.Indice_lite,ig.Indice_pro
imoblife.memorybooster.lite,imoblife.memorybooster.full
in.blogspot.tumaslite,in.blogspot.tmpbytak
inc.com.youbo.invocationsquotidiennes.free,inc.com.youbo.invocationsquotidiennes.pro
info.androidx.ladycalenf,info.androidx.ladycalen
info.solocrowd.lwfalllookup_free,info.solocrowd.lwfalllookup_paid
info.uniuni.nucovolumefree,info.uniuni.nocovolume
ipcamsoft.com.lite,ipcamsoft.com.ipcam
ipnossoft.rma.free,ipnossoft.rma.premium
iqgames.sudokufree,iqgames.sudoku
iqgames.sudokufree2,iqgames.sudoku2
iqgames.sudokufree3,iqgames.sudoku3
it.b77.pianomasterfree,it.b77.pianomaster2
it.braincrash.android.batteryacefree,it.braincrash.android.batteryace
it.chiccododifc.clickcounterinoutfree,it.chiccododifc.clickcounterinout
it.chiccododifc.findbombfree,it.chiccododifc.findbomb
it.chiccododifc.mateoltrelimitefree,it.chiccododifc.mateoltrelimite
it.fr.free.gand.gapp,it.fr.gand.gapp
it.froggy.cucchiaio.free,it.froggy.cucchiaino
it.merkcoolapp.silentmodelollipopfree,it.merkcoolapp.silentmodelollipop
it.ncaferra.pixelplayerfree,it.ncaferra.pixelplayerpaid
it.ondaerre.tria_ebook.cicerone1lite_en,it.ondaerre.tria_ebook.cicerone1
it.phosimgo.free,it.phosimgo
it.rortos.hmsdestroyerlite,it.rortos.hmsdestroyer
it.smh17.math.professional.free,it.smh17.math.professional
it.suonoevita.apmtoollite,it.suonoevita.apmtool2
joybits.doodlegodfree2,joybits.doodlegod_hd
jp.abt.lopnur.gearratiocalclite,jp.abt.lopnur.gearratiocalc
jp.childtouchfree,jp.childtouch
jp.co.jam1989.DotRanger_freebilling,in.andante.MainActivity
jp.co.minds_net.tagmemofree,jp.co.minds_net.tagmemo
jp.co.nihon_e.kidsrestaurantfree,jp.co.nihon_e.kidsrestaurant
jp.co.nsgd.nsdev.concentricmapfree,jp.co.nsgd.nsdev.concentricmap
jp.co.nsgd.nsdev.heightcalculatorfree,jp.co.nsgd.nsdev.heightcalculator
jp.co.operahouse.bathromance_cute_free,jp.co.operahouse.bathromance_cute
jp.co.operahouse.fancycarousel_free,jp.co.operahouse.fancycarousel
jp.co.operahouse.lovely_love_free,jp.co.operahouse.lovely_love
jp.co.operahouse.moon_and_blackcat_free,jp.co.operahouse.moon_and_blackcat
jp.co.vibe.Christmas_free,jp.co.vibe.Christmas
jp.co.vtm.jellycannonfree,jp.co.vtm.jellycannon
jp.com.snow.clipboard.free,jp.com.snow.clipboard
jp.favorite.calculator.calzofree,jp.favorite.calculator.calzo
jp.gr.java_conf.asatech.android.extraordinarysudokufree,jp.gr.java_conf.asatech.android.extraordinarysudoku
jp.gr.java_conf.myoshii.android.soundreccfree,jp.gr.java_conf.myoshii.android.soundrecc
jp.hashisoft.race.lite,jp.hashisoft.race
jp.idl.helitrainerfree,jp.idl.helitrainer
jp.ne.asoft.android.uchordafree,jp.ne.asoft.android.uchorda
jp.ne.atech.android.movepaint.forchild.free,jp.ne.atech.android.movepaint.forchild.paid
jp.ne.honmaitlabo.android.keepscreenonlite,jp.ne.honmaitlabo.android.keepscreenon
jp.ne.honmaitlabo.android.nicknamephonefree,jp.ne.honmaitlabo.android.nicknamephone
jp.ogawa.hideki.driveinfolite,jp.ogawa.hideki.driveinfo
jp.ogawa.hideki.hodirecttransfer_lite,jp.ogawa.hideki.hodirecttransfer
jp.pascal.fishingfree,jp.pascal.fishing
jp.simple.mainfree,jp.simple.main
jp.syntheticcamerafree,jp.syntheticcamera
jp.tanyu.SmartAlarmFree,jp.tanyu.SmartAlarm
jsoft.stroborpmhzlightfree,jsoft.stroborpmhzlight
juno.dice.free,juno.dice.paid
juno.kagurarss.free,juno.kagurarss.paid
kalloc.android.Top2Lite,kalloc.android.Top2
kezsoftware.lineslite,kezsoftware.lines
knse.tangochocloud_free,knse.tangochosyncwithss
komp.tirai.spherelw.free,komp.tirai.spherelw.full
kr.co.gametales.seesawpopfree,kr.co.gametales.seesawpop
kr.goldfish.son2free,kr.goldfish.son2
kunalksj.christmastimefree,kunalksj.christmastime
l.werner.livewallpaper.hypnosistimefree,l.werner.livewallpaper.hypnosistimepaid
live.free.photo.gps,live.full.photo.gps
lrstudios.games.ego.lite,lrstudios.games.ego
marinsoft.EDZlite,marinsoft.EDZ
md.steuer.mobile.owncloud_gallery.free,md.steuer.owncloud_gallery
me.arulnadhan.remoteit.free,me.arulnadhan.remoteit.plus
me.manabreak.bandit.free,me.manabreak.bandit.paid
me.nigauri.reviewkun.free,me.nigauri.reviewkun.advance
me.zheteng.android.stitchcraft.free,me.zheteng.android.stitchcraft
mickles.app.mweathersamsungfree,mickles.app.mweathersamsung
milk.palette.plus.alice.halloween.free,milk.palette.plus.alice.halloween
mobi.bestfreegames.bike.mayhem.extreme.mountain.racing.free,mobi.bestfreegames.bike.mayhem.extreme.mountain.racing
montessori.cards.educational.games.for.toddlers.free,montessori.cards.educational.games.for.toddlers.pro
mooce.kalidewallpaperfree,mooce.kalidewallpaper
mx.livewallpaper.clocklight,mx.livewallpaper.clock
my.wallets.lite,my.wallets
name.okuhara.boobyreversi.lite,name.okuhara.boobyreversi.full
ndsoft.decimals.free,ndsoft.decimals
net.acenso.rc4devicesfree.activities,net.acenso.rc4devices.activities
net.almancakelime.almancak.lite,net.almancakelime.almancak.ga
net.anesthetize.KGN.free,net.anesthetize.KGN.full
net.aplicativoparacelular.smsreader.lite.activity,net.aplicativoparacelular.smsreader.pro.activity
net.atamaswitch.noootefree,net.atamaswitch.nooote
net.atwelve.freefuneralandsympathyscriptures,net.atwelve.funeralandsympathyverses
net.chizography.droid.spyfalltimer.free,net.chizography.droid.spyfalltimer.full
net.cm3d.free.uscitizenshiptest,net.cm3d.premium.uscitizenshiptest
net.cm3d.writingvocabularyfortheuscitizenshipnaturalizationtest.free,net.cm3d.writingvocabularyfortheuscitizenshipnaturalizationtest.premium
net.engwords.android.game10free,net.engwords.android.game10
net.jandaya.vrbsqrtenfrfree,net.jandaya.vrbsqrtenfrfull
net.karaapps.smsautoresponderfree,net.karaapps.smsautoresponder
net.mrpear.vcardmanagerfree,net.mrpear.vcardmanager
net.redlightning.redtorrentlite,net.redlightning.redtorrent
net.runserver.freecell_free,net.runserver.freecell
net.vela.vibering.educational.and.learning.application.cp.free,net.vela.vibering.educational.and.learning.application.cp.premium
net.xenotropic.quizznworldhistfree,net.xenotropic.quizznworldhist
net.zsoo.android.dmafree,net.zsoo.android.dma
nf.co.gefilter.simulado_oab_free,nf.co.gefilter.simulado_oab
nightbanditinduestries.Mirrograph2free,nightbanditinduestries.Mirrograph2
nihongo.num.free,nihongo.num
nikisoft.apps.shiftsmanagerfree,nikisoft.apps.shiftsmanager
nils.slideshow5000_free,nils.slideshow5000_pro
nimeproject.vr.vrskiingfree,nimeproject.vr.vrskiing
nl.brightside.entoen.lite,nl.brightside.entoen.nu
nl.hqmedia.quitsmokingbuddyfree,nl.hqmedia.quitsmokingbuddy
nl.hyperion.hyperionfree,nl.hyperion.hyperionpro
nl.iolar.frequenciesfree,nl.iolar.frequencies
nl.palatamedia.dopewarsfree,nl.palatamedia.dopewars
nl.rensbloom.actutreinlite,nl.rensbloom.actutrein
no.dontsayno.budgetmymoney.free,no.dontsayno.budgetmymoney
no.henrikvs.trackloc.free,no.henrikvs.trackloc
noblur.com.freelearncountingnumbers,noblur.com.learncountingnumbers
nz.co.scowencomputers.price.comparer.free,nz.co.scowencomputers.price.comparer
obdhightech.com.toyotadiagnostics.toyotasystem.toyotamilon.toyotatroublecode.toyotasysscanfree,toyotascantool.lexusobd2.elm327.obd2.toyotaelm327.toyotasysscan.obdhightech.com.toyotasysscanpro
officeeyessaver.free.com,officeeyessaver.com
ol.criptograma_free,ol.criptograma
org.abubu.cartoonclouds.lite,org.abubu.cartoonclouds
org.acula.free.badge,org.acula.badge
org.androidworks.livewallpapertulipfree,org.androidworks.livewallpapertulip
org.artica.muu.igarafufree,org.artica.muu.igarafu
org.azasoft.free.swapper,org.azasoft.swapper
org.benditas.aagoyorubafree,org.benditas.aagoyorubafull
org.breezesoft.techolite,org.breezesoft.techoplus
org.codepimps.listenup.free,org.codepimps.listenup
org.emmasgames.barnyardkidspuzzlefree,org.emmasgames.barnyardkidspuzzle
org.freeandroidtools.root_checker,org.freeandroidtools.root_checker_pro
org.garageapps.android.boingballwallpaperlite,org.garageapps.android.boingballwallpaper
org.ghelli.calcololineeelettrichebtlite,org.ghelli.calcololineeelettrichebt
org.kwitcherbitchen.powerless.free,org.kwitcherbitchen.powerless
org.nattou.sengafree,org.nattou.senga
org.naturemobile.dogsfree,org.naturemobile.dogs2pro
org.naturemobile.fruitsfree,org.naturemobile.fruits2pro
org.palmsoft.komponistfree,org.palmsoft.komponistpro
org.pseudolabs.musicloungelite,org.pseudolabs.musiclounge
org.serasera.tononkira.free,org.serasera.tononkira.spons
org.shlublu.android.netmonitor.free,org.shlublu.android.netmonitor
org.streetdrugs.cocainelite,org.streetdrugs.cocaine
org.usquotesfree.usquotesfree,org.usquotespro.usquotespro
paystub.calculator.epaystub.paycheck.payroll.fakeid.generator.free,paystub.paycheck.payroll.calculator.fullversion.pro
peacemaker.osteoalarmfree,peacemaker.osteoalarm
pic.puzzle.picturepuzzle.free,pic.puzzle.picturepuzzle
pl.ayground.coloringbook2.lite,pl.ayground.coloringbook2
pl.idreams.potterylite,pl.idreams.pottery
pl.jumpapp.superhero.coloringbook.free,pl.jumpapp.superhero.coloringbook.full
pl.netigen.bestclassicguitarfree,pl.netigen.bestclassicguitar
pnapp.pncalc.free,pnapp.pncalc.full
praksto.com.callbck.floatfree,praksto.com.callbckpay
psyberia.alpinequest.free,psyberia.alpinequest.full
pt.joaormf.mtkcontrol.free,pt.joaormf.mtkcontrol
rackoon.mucken_free,rackoon.mucken
ro.corado.loan.manager.free,ro.corado.loan.manager.pro
rolf.livewallpaper.nodebattlefree,rolf.livewallpaper.nodebattlepaid
ru.ag38.bsrfree,ru.ag38.backgroundsoundrecorder
ru.applct.trforallfree,ru.applct.trforall
ru.bastion7.springsakura.free,ru.bastion7.springsakura.pro
ru.comp.rusnshphrfree,ru.comp.rusnshphrpro
ru.eroge.wintertale_free,ru.eroge.wintertale
ru.golgofa.decoyfree,ru.golgofa.decoypro
ru.knnv.geometrycalcfree,ru.knnv.geometrycalc
ru.levberezkin.emblemofrussiafree,ru.levberezkin.emblemofrussia
ru.logomotiv.android.watercalculatorfree,ru.logomotiv.android.watercalculator
ru.logomotiv.android.whattobuylite,ru.logomotiv.android.whattobuy
ru.qappstd.fixtime.free,ru.qappstd.fixtime.pro
ru.sergey.abadzhev.colorballfree,ru.sergey.abadzhev.colorballpro
ru.touchcubelite.android,ru.touchcube
ru.vsa.safenotelite,ru.vsa.safenote
ru.yoga.yogapractika.lite,ru.yoga.yogapractika
saru.tak.rah_free,saru.tak.rngagainsthumanit
se.brolinembedded.bulliontestfree,se.brolinembedded.bulliontest
se.cnq.acesremain.free,se.cnq.acesremain.full
se.commind.wallpaper.bouncyrugby.free,se.commind.wallpaper.bouncyrugby
se.commind.wallpaper.bouncysoccer.free,se.commind.wallpaper.bouncysoccer
se.creativeai.reversi.free,se.creativeai.reversi.full
se.itatake.pebbleuniversefree,se.itatake.pebbleuniverse1
se.maginteractive.rumble.free,se.maginteractive.rumble
se.rudhs.autoprofilerfree,se.rudhs.autoprofiler
se.sourcecode.sokoban.lite,se.sourcecode.sokoban.pro
seer.computing.mysqlfunctions_free,seer.computing.mysqlfunctions
serrano.melenchon.ivan.diamantelite,serrano.melenchon.ivan.diamante
she.games.bajaFree,she.games.bajaNoAds
si.topapp.myscansfree,si.topapp.myscanspro
siddur.sfaradi.forfree,siddur.sfaradi.pay
sikk.android.math.drill.lite,sikk.android.math.drill
simernes.snakefree,simernes.snakegame
sk.host.ebitt.cal2free,sk.host.ebitt.cal2full
slifkergames.com_poker_dealers_toolkit_free,slifkergames.com_poker_dealers_toolkit_pro
smpxg.crystallight_free,smpxg.crystallight
smpxg.egggzlite,smpxg.egggz
smpxg.jewelxmas_lite,smpxg.jewelxmas
strategicalliance.examonline.cpabe.free,strategicalliance.examonline.cpabe
strategicalliance.examonline.pmp.free,strategicalliance.examonline.pmp
sympleza.com.grrudictionaryfree,com.sympleza.grrudictionarypremium
tarasB.ChaosMinesweeper.free,tarasB.ChaosMinesweeper
tarasB.FluidArkanoid.free,tarasB.FluidArkanoid
tatik.pexe_puzzle_free,tatik.pexe_puzzle
tc.engsoft.QA2_lite,tc.engsoft.QA2
tc.engsoft.jumpingcat_lite,tc.engsoft.jumpingcat
tc.engsoft.memoocean_lite,tc.engsoft.memoocean
teddydroid.app.loa.free,teddydroid.app.loa.pro
teoz.booking.manager.free,teoz.booking.manager
teycode.kayralite,teycode.kayra
torxentertainment.keysandchordsfree,torxentertainment.keysandchords
trinity.valentinelovespecialfree,trinity.valentinelovespecialpro
tw.com.bluemoon.baseboardlite,tw.com.bluemoon.baseboard
tw.idv.max.tarot.free,tw.idv.max.tarot
uk.co.aifactory.ginrummyfree,uk.co.aifactory.ginrummy
uk.co.aifactory.gomokufree,uk.co.aifactory.gomoku
uk.co.aifactory.moveitfree,uk.co.aifactory.moveit
uk.co.aifactory.solitairefree,uk.co.aifactory.solitaire
uk.co.aifactory.sudokufree,uk.co.aifactory.sudoku
uk.co.digiment.mtm2.free,uk.co.digiment.mtm2
uk.co.digiment.mtmtwb.free,uk.co.digiment.mtmtwb
uk.co.encripta.encriptafree,uk.co.encripta.encriptapro
uk.co.knowles_online.raspberrysshlite,uk.co.knowles_online.raspberryssh
uk.co.olilan.touchcalendar.trial,uk.co.olilan.touchcalendar
uk.co.samatkins.quickquote.free,uk.co.samatkins.quickquote
uk.co.techmeology.chainreversi.free,uk.co.techmeology.chainreversi
uk.me.dmi.android.barclone.free,uk.me.dmi.android.barclone
uk.org.zuki.magiclifecounterperspectivelite,uk.org.zuki.magiclifecounterperspective
vd.free,virtual.deck
viileetek.drivingDiaryA.namespace.free,viileetek.drivingDiaryA.namespace
vn.creativeapps.free.abviet,vn.creativeapps.abworkout.pro
vn.creativeapps.free.lunge,vn.creativeapps.pro.lunge
vn.creativeapps.free.plank,vn.creativeapps.pro.plank
vn.creativeapps.sexybutt.free,vn.creativeapps.sexybutt.pro
wa.supertilesmash.free,wa.supertilesmash.pro
webbusterz.sonic_velocity_in_pipes_free,webbusterz.gas_sonic_velocity_in_pipes
wms.xoom2mespeakersfixfree,wms.xoom2mespeakersfix
xdk.intel.jklassen.music.lite,xdk.intel.jklassen.music.full
yo.app.free,yo.app
zekitez.com.satelliteestimator,zekitez.com.satellitedirectorng
zok.android.shapes,com.anahoret.android.shapes
zzs.notisysinfo,zzs.notisysinfo.pro
